size,planner,makespan,reactive,expected,mpn_snt,rect_snt,time
4,L2FF,14743394.496563733,14742700.920802955,14703133.137690986,40261.35887274705,39567.783111969016,0.002809762954711914
4,L2FF,14830857.77904779,14767085.335483793,14703133.137690986,127724.64135680535,63952.1977928076,0.002279043197631836
4,L2FF,14734930.816851582,14734930.816851582,14703133.137690986,31797.679160596803,31797.679160596803,0.002254724502563477
4,L2FF,14772155.25519568,14765045.21440627,14717170.090733992,54985.164461687214,47875.123672278605,0.002285003662109375
4,L2FF,14840296.053061245,14828461.212871807,14717170.090733992,123125.9623272512,111291.12213781662,0.002385854721069336
4,L2FF,6957065.044639119,6953209.65393559,6925388.796738513,31676.247900607064,27820.857197077945,0.002933025360107422
4,L2FF,14785758.051551444,14734935.162474275,14703133.137690986,82624.91386046074,31802.024783289064,0.002208709716796875
4,L2FF,6957348.937222198,6956381.444569658,6932000.405055868,25348.53216632828,24381.03951378725,0.002299070358276367
4,L2FF,14807806.85216047,14798302.319328833,14703133.137690986,104673.71446948498,95169.1816378478,0.00308990478515625
4,L2FF,14788035.718210185,14767308.965074185,14709156.102796553,78879.61541363223,58152.862277630724,0.002581119537353516
4,L2FF,14810183.09764156,14810183.09764156,14703133.137690986,107049.95995057373,107049.95995057373,0.0023391246795654297
4,L2FF,14836327.516451694,14824030.38473846,14709156.102796553,127171.41365514135,114874.28194190748,0.003001928329467773
4,L2FF,6967340.797686349,6938975.797701757,6928225.700592581,39115.09709376749,10750.09710917715,0.002274036407470703
4,L2FF,14791846.706492055,14758495.7002177,14703133.137690986,88713.56880106963,55362.56252671592,0.002397060394287109
4,L2FF,14748215.972413033,14732973.90660416,14703133.137690986,45082.83472204581,29840.768913175914,0.002259016036987305
4,L2FF,14798472.74813148,14766280.002578584,14703133.137690986,95339.61044049448,63146.86488759704,0.002341032028198242
4,L2FF,6959474.869228155,6956703.067155178,6928225.700592581,31249.16863557417,28477.366562595587,0.0026700496673583984
4,L2FF,14833419.942246504,14802053.518767672,14703133.137690986,130286.80455552043,98920.38107668607,0.0023238658905029297
4,L2FF,14741438.433060575,14740554.897607148,14703133.137690986,38305.2953695897,37421.75991616212,0.002358198165893555
4,L2FF,14777253.892168544,14734601.764871296,14703133.137690986,74120.75447756052,31468.627180311832,0.002390623092651367
4,L2FF,14811101.77215751,14811101.77215751,14709156.102796553,101945.66936095804,101945.66936095804,0.002205848693847656
4,L2FF,6945638.56442026,6945638.56442026,6928225.700592581,17412.863827678375,17412.863827678375,0.002591848373413086
4,L2FF,6972908.878941754,6970748.300551938,6928225.700592581,44683.1783491727,42522.59995935671,0.003083944320678711
4,L2FF,14770545.324772285,14750439.466131747,14709156.102796553,61389.221975732595,41283.363335195936,0.002499103546142578
4,L2FF,14809235.04700694,14781597.542785658,14703133.137690986,106101.90931595491,78464.40509467201,0.002418994903564453
4,L2FF,6992021.410019877,6980189.83057691,6928225.700592581,63795.70942729712,51964.129984328516,0.002321958541870117
4,L2FF,14799542.381158082,14798326.001046525,14709156.102796553,90386.27836152913,89169.89824997075,0.002422094345092773
4,L2FF,6970940.395312075,6966429.601547452,6925388.796738513,45551.59857356269,41040.80480893888,0.002387046813964844
4,L2FF,14801889.440148668,14769603.507049548,14709156.102796553,92733.33735211566,60447.404252994806,0.003083944320678711
4,L2FF,14763864.211421104,14763864.211421104,14703133.137690986,60731.07373011857,60731.07373011857,0.002420186996459961
4,L2FF,14812324.731049996,14781251.436389478,14717170.090733992,95154.64031600392,64081.34565548599,0.0024030208587646484
4,L2FF,14809813.738814002,14802231.30526928,14709156.102796553,100657.63601744734,93075.20247272588,0.0023779869079589844
4,L2FF,14780110.634837786,14736664.655306704,14703133.137690986,76977.49714680016,33531.51761572063,0.002356052398681641
4,L2FF,14818445.845821695,14791313.25654248,14709156.102796553,109289.7430251427,82157.15374592878,0.002308845520019531
4,L2FF,14827269.997169023,14825498.449371714,14717170.090733992,110099.90643502957,108328.35863772221,0.002852201461791992
4,L2FF,14787862.93649066,14787862.93649066,14703133.137690986,84729.7987996731,84729.7987996731,0.002241849899291992
4,L2FF,14836584.83468371,14832759.123689124,14703133.137690986,133451.6969927251,129625.98599813881,0.0027539730072021484
4,L2FF,14872536.48400912,14824379.095715046,14717170.090733992,155366.39327512868,107209.00498105401,0.0023322105407714844
4,L2FF,14828725.684265915,14820062.083610633,14703133.137690986,125592.5465749316,116928.94591964595,0.0025949478149414067
4,L2FF,1805650.627818836,1797044.6157097372,1789707.2171346706,15943.410684165545,7337.39857506659,0.002268075942993164
4,L2FF,6950886.911726331,6938808.862203445,6925388.796738513,25498.11498781946,13420.065464933403,0.002896308898925781
4,L2FF,14855537.79200472,14824503.27618588,14703133.137690986,152404.6543137338,121370.13849489392,0.002783298492431641
4,L2FF,14851061.865243444,14823466.12473575,14703133.137690986,147928.7275524605,120332.98704476467,0.002414226531982422
4,L2FF,14719564.20372554,14717762.954085045,14703133.137690986,16431.06603455544,14629.81639406085,0.002315044403076172
4,L2FF,7002051.690392374,7002051.690392374,6932000.405055868,70051.28533650469,70051.28533650469,0.0022339820861816406
4,L2FF,14925957.629609685,14925957.629609685,14723921.627273342,202036.00233634192,202036.00233634192,0.0028209686279296875
4,L2FF,6944393.627842747,6943851.9828781085,6925388.796738513,19004.83110423386,18463.186139596623,0.002310991287231445
4,L2FF,14869434.731824307,14863051.10855679,14723921.627273342,145513.104550967,139129.48128344867,0.002367973327636719
4,L2FF,14769328.277867256,14757668.904123805,14703133.137690986,66195.14017627017,54535.766432818025,0.0022978782653808594
4,L2FF,14789934.690134328,14743414.992389128,14703133.137690986,86801.55244334227,40281.85469814204,0.002511739730834961
4,L2FF,14874652.646944895,14859536.30008628,14709156.102796553,165496.54414834268,150380.19728972766,0.0022678375244140625
4,L2FF,818520.3004416281,818417.1984317381,813960.627464507,4559.672977121081,4456.570967231062,0.002814054489135742
4,L2FF,14721248.617061015,14693080.361970695,14703133.137690986,18115.479370031502,-10052.775720288975,0.002572059631347656
4,L2FF,14770668.660995647,14741800.895344948,14703133.137690986,67535.52330466174,38667.757653960965,0.002254724502563477
4,L2FF,14831715.258656975,14799567.048597293,14709156.102796553,122559.15586042216,90410.94580074027,0.002279996871948242
4,L2FF,14840131.337419687,14831639.450437035,14703133.137690986,136998.19972870126,128506.31274604985,0.003338098526000977
4,L2FF,7005773.908033006,6998613.251476715,6932000.405055868,73773.50297713652,66612.84642084595,0.0030100345611572266
4,L2FF,14733969.901869975,14707570.940078458,14703133.137690986,30836.764178991318,4437.802387472242,0.0028848648071289067
4,L2FF,14764857.78113038,14750229.634009626,14709156.102796553,55701.67833382823,41073.531213071205,0.002454996109008789
4,L2FF,14820524.21083355,14806340.616080634,14703133.137690986,117391.07314256392,103207.47838964874,0.0028221607208251953
4,L2FF,6933067.972255953,6911551.24010601,6925388.796738513,7679.175517439842,-13837.556632502005,0.0025501251220703125
4,L2FF,14792190.663160196,14791337.590224132,14703133.137690986,89057.52546921186,88204.45253314637,0.002467155456542969
4,L2FF,14848039.40794184,14834517.755493255,14703133.137690986,144906.27025085315,131384.61780226976,0.0037467479705810547
4,L2FF,14847808.309081215,14835267.987563953,14703133.137690986,144675.17139022984,132134.84987296726,0.002329826354980469
4,L2FF,14757071.229746465,14725676.055329647,14703133.137690986,53938.092055479065,22542.917638661344,0.002357006072998047
4,L2FF,14775839.891797893,14743303.838156907,14703133.137690986,72706.75410690717,40170.700465923175,0.0023050308227539067
4,L2FF,14803849.500925787,14778346.208744155,14709156.102796553,94693.39812923408,69190.10594760254,0.002860069274902344
4,L2FF,7002879.360319528,7000332.969844236,6932000.405055868,70878.9552636575,68332.56478836668,0.002279043197631836
4,L2FF,14783220.969217915,14771580.76015634,14717170.090733992,66050.87848392315,54410.6694223471,0.002888917922973633
4,L2FF,1804946.816726816,1804465.9611825675,1790440.3495913441,14506.467135471758,14025.611591223627,0.00222015380859375
4,L2FF,14873651.095472122,14870006.16211722,14709156.102796553,164494.9926755689,160850.0593206659,0.0022232532501220703
4,L2FF,14783736.549224945,14779034.95700539,14703133.137690986,80603.41153395735,75901.81931440532,0.002397060394287109
4,L2FF,14718346.694870202,14685643.764067395,14703133.137690986,15213.557179216295,-17489.373623590916,0.002239227294921875
4,L2FF,14880670.479405975,14863928.198654246,14709156.102796553,171514.37660942227,154772.09585769102,0.003818988800048828
4,L2FF,14827580.256448586,14818157.294937642,14709156.102796553,118424.15365203096,109001.1921410896,0.002965927124023437
4,L2FF,14717449.383620558,14643154.379074635,14703133.137690986,14316.245929572731,-59978.758616350584,0.002361059188842773
4,L2FF,6950965.404742418,6939715.277386903,6925388.796738513,25576.608003905043,14326.480648390017,0.0023479461669921875
4,L2FF,6950985.300888067,6911874.756396402,6925388.796738513,25596.504149556156,-13514.04034211114,0.0044748783111572266
4,L2FF,1808612.4033447132,1807810.092628355,1790440.3495913441,18172.053753369488,17369.74303701101,0.002426862716674805
4,L2FF,14837683.59465598,14833306.014649546,14709156.102796553,128527.49185942857,124149.91185299307,0.0022330284118652344
4,L2FF,14761477.768525045,14749990.05338991,14703133.137690986,58344.63083405793,46856.915698925026,0.002870082855224609
4,L2FF,14774452.163708596,14726027.050509386,14703133.137690986,71319.02601760997,22893.91281839833,0.0028569698333740234
4,L2FF,6928515.361377613,6880457.021585203,6925388.796738513,3126.564639100805,-44931.775153309114,0.002340078353881836
4,L2FF,14735102.654528733,14720107.336575195,14703133.137690986,31969.516837747768,16974.19888421148,0.002418994903564453
4,L2FF,14712821.943606675,14711655.396560313,14703133.137690986,9688.805915689096,8522.258869327605,0.002260923385620117
4,L2FF,14755446.1495552,14715339.69617523,14709156.102796553,46290.04675864615,6183.593378677964,0.003013134002685547
4,L2FF,14815649.359142492,14777323.540072713,14717170.090733992,98479.26840850152,60153.44933871925,0.002328157424926758
4,L2FF,14850967.142657485,14850967.142657485,14709156.102796553,141811.0398609303,141811.0398609303,0.002279758453369141
4,L2FF,14790606.439029826,14752451.759294018,14703133.137690986,87473.30133883841,49318.62160303258,0.002306222915649414
4,L2FF,14842504.079137726,14842491.936758012,14703133.137690986,139370.94144674018,139358.79906702787,0.002367973327636719
4,L2FF,1807216.7869785142,1807166.3210358173,1790440.3495913441,16776.437387170037,16725.971444473602,0.002197742462158203
4,L2FF,6991378.833330061,6985641.758736952,6925388.796738513,65990.0365915494,60252.96199844033,0.002783060073852539
4,L2FF,6999737.647358645,6994798.940159042,6932000.405055868,67737.24230277537,62798.53510317393,0.002180814743041992
4,L2FF,14904035.57752075,14899871.80704724,14709156.102796553,194879.47472419773,190715.70425068587,0.002332925796508789
4,L2FF,6946649.530636421,6919870.53708677,6925388.796738513,21260.73389790859,-5518.259651741944,0.0024750232696533203
4,L2FF,14756648.730508454,14686030.501090994,14703133.137690986,53515.59281746856,-17102.63659999147,0.002332925796508789
4,L2FF,14796637.404751798,14731958.948316645,14703133.137690986,93504.26706081256,28825.810625659302,0.0022809505462646484
4,L2FF,6950708.6224943865,6940696.891134405,6928225.700592581,22482.921901805326,12471.190541824326,0.002727031707763672
4,L2FF,14855179.538782066,14839745.386414595,14703133.137690986,152046.4010910783,136612.24872360934,0.0022020339965820312
4,L2FF,14766389.65279228,14762424.540730333,14709156.102796553,57233.549995727844,53268.43793377839,0.0023670196533203125
8,L2FF,7394283.262391435,7388818.320245582,7348195.144342688,46088.11804874707,40623.17590289284,0.003398895263671875
8,L2FF,7393812.380097108,7393812.380097108,7348195.144342688,45617.23575442005,45617.23575442005,0.0033850669860839844
8,L2FF,7443811.9526915215,7443811.9526915215,7351536.566587458,92275.38610406221,92275.38610406221,0.003257989883422852
8,L2FF,7439356.759725021,7413418.216254688,7355015.540493202,84341.21923181787,58402.67576148361,0.00410914421081543
8,L2FF,7407296.458298927,7404976.350959278,7348195.144342688,59101.31395623926,56781.206616588875,0.003259897232055664
8,L2FF,7397250.635837744,7393321.743631847,7345291.625440517,51959.01039722562,48030.11819132883,0.00326228141784668
8,L2FF,7376353.525850682,7351574.01538119,7345291.625440517,31061.900410162285,6282.389940671624,0.003374814987182617
8,L2FF,7401157.036409836,7387380.973608886,7351536.566587458,49620.469822376974,35844.4070214266,0.003242969512939453
8,L2FF,7398222.996720692,7393024.373195631,7348195.144342688,50027.85237800423,44829.22885294352,0.0032689571380615234
8,L2FF,7411467.849011064,7401092.408991997,7351536.566587458,59931.28242360522,49555.84240453784,0.0038268566131591797
8,L2FF,7383126.422695321,7375293.017764676,7355015.540493202,28110.882202117704,20277.47727147304,0.003582000732421875
8,L2FF,7430494.044758808,7416199.612382835,7348195.144342688,82298.90041611902,68004.46804014686,0.0033490657806396484
8,L2FF,3516342.222301815,3513483.319401654,3459738.8090843004,56603.413217514746,53744.51031735353,0.003284931182861328
8,L2FF,7393055.035898598,7370108.426165606,7348195.144342688,44859.891555909075,21913.281822917983,0.003239870071411133
8,L2FF,7363841.797050525,7338913.95574213,7348195.144342688,15646.652707836593,-9281.188600557856,0.0034012794494628906
8,L2FF,7401104.8294168515,7373689.958714877,7345291.625440517,55813.203976333134,28398.333274358884,0.003950834274291992
8,L2FF,7468455.5078949975,7467650.528470107,7351536.566587458,116918.94130753724,116113.961882649,0.003465890884399414
8,L2FF,7388297.115499421,7374312.785250079,7345291.625440517,43005.49005890265,29021.15980956052,0.003242015838623047
8,L2FF,7366414.843376528,7337525.656773507,7345291.625440517,21123.21793600824,-7765.968667012639,0.0033578872680664067
8,L2FF,7410966.101718189,7393713.445577936,7348195.144342688,62770.95737550128,45518.30123524834,0.003287076950073242
8,L2FF,7396487.746547008,7396487.746547008,7351536.566587458,44951.17995954863,44951.17995954863,0.003364801406860352
8,L2FF,7402163.885913658,7400426.7957061175,7345291.625440517,56872.26047313958,55135.17026559822,0.00400996208190918
8,L2FF,7410644.34781519,7395870.590373969,7355015.540493202,55628.80732198712,40855.04988076538,0.003322124481201172
8,L2FF,3488933.999886692,3481070.173153376,3462680.266870904,26253.73301578732,18389.906282471962,0.003266096115112305
8,L2FF,7399066.5143540865,7395212.145809464,7348195.144342688,50871.37001139764,47017.00146677624,0.00350189208984375
8,L2FF,7397775.077684791,7397775.077684791,7345291.625440517,52483.45224427245,52483.45224427245,0.003266096115112305
8,L2FF,7433344.67374683,7407479.739432174,7348195.144342688,85149.52940414194,59284.595089485876,0.003974199295043945
8,L2FF,7437747.739492533,7428071.59780869,7355015.540493202,82732.19899932947,73056.05731548647,0.003392934799194336
8,L2FF,7408176.234000866,7402107.994280659,7348195.144342688,59981.08965817839,53912.84993797262,0.003229856491088867
8,L2FF,3511698.2611848074,3511698.2611848074,3462680.266870904,49017.99431390315,49017.99431390315,0.003221988677978516
8,L2FF,7373056.33328018,7357876.534817052,7351536.566587458,21519.766692720357,6339.968229593708,0.003315925598144531
8,L2FF,7474800.431704144,7451163.8814479485,7355015.540493202,119784.89121094068,96148.34095474613,0.0033512115478515625
8,L2FF,7436646.345480207,7421887.799211089,7345291.625440517,91354.72003968993,76596.1737705702,0.004635810852050781
8,L2FF,7424088.597311893,7419877.126809229,7348195.144342688,75893.45296920463,71681.98246654122,0.0032837390899658203
8,L2FF,7389055.00874792,7369374.590999011,7345291.625440517,43763.383307402015,24082.965558492582,0.003339052200317383
8,L2FF,7402779.355762655,7390217.923175989,7348195.144342688,54584.211419967,42022.778833300814,0.004214048385620117
8,L2FF,7378126.969429136,7318537.324998838,7345291.625440517,32835.34398861788,-26754.300441681407,0.003355264663696289
8,L2FF,7406841.393264247,7406841.393264247,7348195.144342688,58646.24892155919,58646.24892155919,0.0035247802734375
8,L2FF,7449060.625691187,7445157.015949066,7355015.540493202,94045.08519798238,90141.47545586248,0.004155158996582031
8,L2FF,7424725.670822197,7419278.573721771,7351536.566587458,73189.10423473641,67742.00713431183,0.003350019454956055
8,L2FF,7419126.046538742,7416755.388404828,7355015.540493202,64110.506045538925,61739.847911623314,0.003424882888793945
8,L2FF,7396650.0265824925,7355576.265178138,7345291.625440517,51358.401141975075,10284.63973762095,0.0035822391510009774
8,L2FF,7410618.791617899,7406235.772249845,7348195.144342688,62423.64727521129,58040.627907156944,0.003637075424194336
8,L2FF,7438417.827869522,7416033.906605236,7355015.540493202,83402.28737631906,61018.3661120329,0.00335693359375
8,L2FF,3483372.5885646744,3472013.670158028,3461106.4085672093,22266.179997465108,10907.261590818876,0.003956794738769531
8,L2FF,7404349.8078084625,7404349.8078084625,7348195.144342688,56154.66346577555,56154.66346577555,0.003397226333618164
8,L2FF,7353661.478600586,7314699.732655066,7345291.625440517,8369.853160067461,-30591.892785452306,0.003130912780761719
8,L2FF,7407119.479457264,7387580.040516599,7348195.144342688,58924.33511457593,39384.89617391117,0.003302812576293945
8,L2FF,7461456.53401804,7454510.502960438,7355015.540493202,106440.99352483636,99494.96246723457,0.0032601356506347656
8,L2FF,7366384.882691543,7361423.788377083,7345291.625440517,21093.257251023315,16132.162936563604,0.003408193588256836
8,L2FF,7403449.972123032,7383923.673512692,7345291.625440517,58158.346682514064,38632.04807217233,0.0038299560546875
8,L2FF,7449932.0448513115,7449932.0448513115,7351536.566587458,98395.47826385127,98395.47826385127,0.0032749176025390625
8,L2FF,7413291.2001025425,7409757.419814647,7345291.625440517,67999.57466202416,64465.794374128796,0.003259897232055664
8,L2FF,7413355.885935563,7410167.937307533,7355015.540493202,58340.345442359336,55152.396814328626,0.003261089324951172
8,L2FF,7401961.236268265,7394038.576712063,7345291.625440517,56669.610827746794,48746.95127154328,0.0031280517578125
8,L2FF,7400311.182799312,7356523.59672106,7351536.566587458,48774.61621185299,4987.030133600348,0.0032799243927001953
8,L2FF,7382964.946639379,7345719.698022977,7345291.625440517,37673.32119886018,428.07258246000856,0.003917932510375977
8,L2FF,7369569.073733574,7356919.576389285,7348195.144342688,21373.92939088587,8724.432046596892,0.0031380653381347656
8,L2FF,7406476.530278592,7398164.943847188,7348195.144342688,58281.385935904465,49969.79950449988,0.0031943321228027344
8,L2FF,7449436.729264707,7449436.729264707,7348195.144342688,101241.58492201939,101241.58492201939,0.003166913986206055
8,L2FF,3482193.824575602,3455190.5405963985,3461106.4085672093,21087.416008392353,-5915.867970810272,0.0035741329193115234
8,L2FF,7406952.034341946,7393805.436219565,7348195.144342688,58756.88999925832,45610.29187687673,0.003130197525024414
8,L2FF,3482390.0613709562,3473113.7808284773,3461106.4085672093,21283.652803746983,12007.372261268089,0.0818948745727539
8,L2FF,909065.2520919348,909065.2520919348,894443.2291802899,14622.022911645005,14622.022911645005,0.0034558773040771484
8,L2FF,7469203.228556602,7469203.228556602,7351536.566587458,117666.66196914295,117666.66196914295,0.003390073776245117
8,L2FF,7437813.688758645,7426186.442630071,7345291.625440517,92522.06331812683,80894.81718955282,0.003372907638549805
8,L2FF,7432297.63691637,7427563.31338901,7348195.144342688,84102.49257368223,79368.16904632187,0.0033860206604003906
8,L2FF,7361482.3501442615,7328811.039035682,7345291.625440517,16190.724703742193,-16480.586404837668,0.003220796585083008
8,L2FF,7445736.589925414,7441970.245341803,7348195.144342688,97541.44558272604,93775.1009991141,0.005083799362182617
8,L2FF,7379559.374972387,7342083.913650269,7348195.144342688,31364.23062970024,-6111.2306924192235,0.0033218860626220703
8,L2FF,7372888.973155191,7344433.18302109,7348195.144342688,24693.828812503256,-3761.961321597919,0.003350973129272461
8,L2FF,7411822.759578967,7395137.512239099,7351536.566587458,60286.19299150631,43600.945651639246,0.0036149024963378906
8,L2FF,7475327.638120371,7466262.581331877,7345291.625440517,130036.01267985256,120970.95589135867,0.003289937973022461
8,L2FF,7410318.986787942,7346077.929918908,7348195.144342688,62123.842445255264,-2117.214423780329,0.003409147262573242
8,L2FF,7417289.032019566,7412439.126078595,7357841.5122504765,59447.51976909023,54597.613828119815,0.0038690567016601562
8,L2FF,7427583.591947156,7416553.933764006,7348195.144342688,79388.44760446809,68358.7894213181,0.004010200500488281
8,L2FF,3501967.6212218464,3492284.119766567,3462680.266870904,39287.35435094172,29603.85289566265,0.003371000289916992
8,L2FF,7407252.066048788,7385710.071807982,7351536.566587458,55715.49946132861,34173.505220523104,0.0034101009368896484
8,L2FF,7394798.206032718,7394798.206032718,7345291.625440517,49506.5805921983,49506.5805921983,0.003421783447265625
8,L2FF,3514905.738202629,3508454.2543634013,3461106.4085672093,53799.32963542035,47347.8457961916,0.003396034240722656
8,L2FF,7418426.00616557,7375565.417287986,7351536.566587458,66889.43957811035,24028.8507005265,0.004015922546386719
8,L2FF,7422529.424028675,7412981.00217693,7351536.566587458,70992.85744121578,61444.4355894709,0.003440141677856445
8,L2FF,7377870.720735357,7350144.146060753,7348195.144342688,29675.576392670162,1949.0017180638388,0.0032646656036376953
8,L2FF,3488394.7561652362,3486284.594487476,3462680.266870904,25714.489294331983,23604.327616571914,0.0033829212188720703
8,L2FF,7462607.59448436,7461749.832671155,7355015.540493202,107592.05399115664,106734.2921779519,0.0036122798919677726
8,L2FF,7449223.447097266,7419019.77578733,7345291.625440517,103931.82165674774,73728.15034681186,0.0036911964416503906
8,L2FF,7406307.746651805,7406307.746651805,7348195.144342688,58112.60230911709,58112.60230911709,0.003990888595581055
8,L2FF,7469038.037320681,7468297.169481101,7351536.566587458,117501.47073322162,116760.60289364215,0.003426074981689453
8,L2FF,7409402.4669761835,7406754.05794489,7351536.566587458,57865.900388725095,55217.49135743082,0.0033462047576904297
8,L2FF,7429736.724667496,7415173.37622046,7348195.144342688,81541.58032480814,66978.23187777214,0.0031881332397460933
8,L2FF,7406576.208353463,7399117.351920084,7351536.566587458,55039.64176600333,47580.78533262481,0.003159046173095703
8,L2FF,7421559.49784569,7403900.321716255,7351536.566587458,70022.93125823048,52363.75512879528,0.003288984298706055
8,L2FF,7370200.287407751,7347120.805370487,7345291.625440517,24908.661967232823,1829.179929968901,0.003945112228393555
8,L2FF,7359222.302286151,7298307.510623878,7345291.625440517,13930.676845632493,-46984.114816641435,0.003334999084472656
8,L2FF,7449798.176743519,7440898.310594479,7348195.144342688,101603.03240083065,92703.16625179072,0.003192901611328125
8,L2FF,7405280.687077845,7382671.813907603,7351536.566587458,53744.12049038615,31135.247320142575,0.0033202171325683594
8,L2FF,7456429.382927108,7456429.382927108,7351536.566587458,104892.8163396474,104892.8163396474,0.00330805778503418
8,L2FF,7435129.000527878,7435129.000527878,7345291.625440517,89837.37508736087,89837.37508736087,0.003263235092163086
8,L2FF,7430674.814840011,7426069.505347013,7351536.566587458,79138.248252552,74532.93875955231,0.00397491455078125
8,L2FF,7412540.088126819,7399640.457150297,7355015.540493202,57524.547633617185,44624.916657094844,0.0032629966735839844
16,L2FF,3724757.386538692,3712904.289903787,3669756.9888285724,55000.39771011983,43147.30107521452,0.005070209503173828
16,L2FF,3737023.263456655,3737023.263456655,3678833.229733703,58190.03372295248,58190.03372295248,0.005173921585083008
16,L2FF,3734909.1853389065,3734909.1853389065,3672677.029983282,62232.155355624855,62232.155355624855,0.005024909973144531
16,L2FF,3753349.7150962288,3749457.598004295,3675235.8526253686,78113.8624708606,74221.7453789264,0.00506901741027832
16,L2FF,3692832.677397365,3692614.4689551145,3672677.029983282,20155.647414083127,19937.43897183286,0.007920265197753906
16,L2FF,3725459.347147406,3725211.1713747545,3671423.5188679593,54035.82827944682,53787.652506795246,0.00528407096862793
16,L2FF,3709402.3686736063,3693440.871459717,3671423.5188679593,37978.849805646576,22017.352591757666,0.005213022232055664
16,L2FF,3712772.04722454,3696272.902217649,3667900.713473505,44871.33375103492,28372.188744143583,0.005423069000244141
16,L2FF,3733796.014538644,3723006.079467122,3673952.228224957,59843.78631368652,49053.85124216508,0.005387067794799805
16,L2FF,3720041.884377716,3698660.1394737237,3672677.029983282,47364.85439443449,25983.109490442555,0.005682945251464844
16,L2FF,3700277.7179197893,3698557.608269897,3669756.9888285724,30520.72909121728,28800.61944132438,0.006082773208618164
16,L2FF,3731186.0543062505,3718277.719252585,3671423.5188679593,59762.53543829126,46854.200384625234,0.006278038024902344
16,L2FF,3726258.696958829,3721368.6273080464,3671423.5188679593,54835.17809087038,49945.10844008671,0.005684852600097656
16,L2FF,3715470.220700527,3705539.3668636507,3675235.8526253686,40234.368075158454,30303.51423828211,0.005167961120605469
16,L2FF,3715778.3804713893,3703152.075957416,3675235.8526253686,40542.52784602111,27916.223332047466,0.005255937576293945
16,L2FF,3714813.1058875583,3693784.6687942194,3667900.713473505,46912.3924140525,25883.95532071404,0.006124734878540039
16,L2FF,3741635.77778828,3719754.717225627,3669756.9888285724,71878.78895970713,49997.7283970546,0.005270004272460938
16,L2FF,3743881.6469593365,3741734.104973263,3669756.9888285724,74124.65813076356,71977.1161446902,0.005534887313842773
16,L2FF,3717195.803975762,3707084.273055057,3671423.5188679593,45772.28510780213,35660.754187097315,0.0055999755859375
16,L2FF,3698986.82151102,3689926.9923225325,3671423.5188679593,27563.302643060684,18503.47345457319,0.005770206451416016
16,L2FF,3717088.2930352064,3717088.2930352064,3669756.9888285724,47331.30420663393,47331.30420663393,0.005352973937988281
16,L2FF,3702774.9808708667,3700946.9863826185,3669756.9888285724,33017.9920422947,31189.997554046568,0.006299018859863281
16,L2FF,3712304.5935559967,3710324.925874765,3672677.029983282,39627.56357271504,37647.895891483415,0.005265235900878906
16,L2FF,3701774.6066295677,3676851.881414897,3672677.029983282,29097.57664628513,4174.851431615185,0.005213022232055664
16,L2FF,3691738.2287370767,3691738.2287370767,3669756.9888285724,21981.239908504762,21981.239908504762,0.00526881217956543
16,L2FF,3702859.4365711687,3679257.852814521,3669756.9888285724,33102.447742596734,9500.863985948728,0.00999307632446289
16,L2FF,3718114.108879264,3716896.7285340717,3671423.5188679593,46690.59001130424,45473.20966611244,0.005222797393798828
16,L2FF,3689752.1769508817,3679753.899499749,3669756.9888285724,19995.188122309744,9996.910671176387,0.006493091583251953
16,L2FF,3733345.6395211667,3733345.6395211667,3673952.228224957,59393.411296209786,59393.411296209786,0.005292892456054688
16,L2FF,3782970.5241670613,3779609.9755897867,3669756.9888285724,113213.5353384884,109852.98676121466,0.005317926406860352
16,L2FF,1767212.225913221,1761638.9967118846,1730484.7451784222,36727.48073479882,31154.251533462437,0.005333900451660156
16,L2FF,3719900.0872978433,3715768.504359375,3672677.029983282,47223.05731456168,43091.474376093596,0.005182981491088867
16,L2FF,3708229.0483400193,3707831.3374015377,3672677.029983282,35552.01835673768,35154.30741825607,0.006480932235717773
16,L2FF,3722846.736344478,3722846.736344478,3673952.228224957,48894.50811952073,48894.50811952073,0.006457805633544922
16,L2FF,3770360.6807164233,3760854.9327728525,3672677.029983282,97683.6507331417,88177.90278957086,0.00582575798034668
16,L2FF,3713493.2863111114,3708293.457541698,3671423.5188679593,42069.76744315168,36869.938673739314,0.006026029586791992
16,L2FF,3716055.41860408,3715591.106255168,3673952.228224957,42103.19037912227,41638.87803021073,0.005207061767578125
16,L2FF,3719565.233522715,3719565.233522715,3669756.9888285724,49808.244694142595,49808.244694142595,0.005392074584960938
16,L2FF,3704070.570808107,3696122.300931534,3671423.5188679593,32647.051940147765,24698.78206357453,0.005666017532348633
16,L2FF,3723608.627470136,3723608.627470136,3673952.228224957,49656.39924517879,49656.39924517879,0.006438732147216797
16,L2FF,3703505.9034876963,3701836.0623452323,3671423.5188679593,32082.384619736582,30412.54347727401,0.11670708656311035
16,L2FF,3730717.59095844,3730315.31101056,3673952.228224957,56765.362733482376,56363.082785602666,0.00566411018371582
16,L2FF,3738251.8752668425,3738251.8752668425,3673952.228224957,64299.647041885175,64299.647041885175,0.005566835403442383
16,L2FF,3731296.930735252,3723973.7214222117,3672677.029983282,58619.900751970235,51296.69143893012,0.00632023811340332
16,L2FF,3727970.169544344,3722727.966912237,3673952.228224957,54017.94131938693,48775.73868727917,0.005315065383911133
16,L2FF,3728525.225750983,3723941.9046846624,3671423.5188679593,57101.706883023966,52518.385816703085,0.006232976913452149
16,L2FF,3734186.573520387,3716207.704659291,3675235.8526253686,58950.72089501843,40971.85203392245,0.005131959915161133
16,L2FF,3710431.101183981,3710431.101183981,3667900.713473505,42530.38771047583,42530.38771047583,0.005091190338134766
16,L2FF,3688117.2383227283,3688117.2383227283,3667900.713473505,20216.52484922204,20216.52484922204,0.005167722702026367
16,L2FF,3674458.338779519,3669512.322923909,3666458.3957068124,7999.94307270553,3053.9272170960908,0.005115270614624024
16,L2FF,3749607.263808471,3744211.088350177,3673952.228224957,75655.03558351332,70258.86012521992,0.005662918090820313
16,L2FF,3736695.0343225338,3734865.802208526,3673952.228224957,62742.80609757687,60913.5739835687,0.007630825042724609
16,L2FF,3737754.3008755236,3729285.6828941125,3667900.713473505,69853.58740201872,61384.969420607194,0.005325078964233398
16,L2FF,3699509.99159744,3697091.051837824,3671423.5188679593,28086.47272948036,25667.53296986455,0.005409717559814453
16,L2FF,3763200.299599311,3754751.9424583404,3672677.029983282,90523.26961602877,82074.91247505974,0.005398035049438477
16,L2FF,3757888.23905592,3757888.23905592,3672677.029983282,85211.20907263784,85211.20907263784,0.005399227142333984
16,L2FF,3739538.5178316343,3728077.2050177217,3669756.9888285724,69781.52900306229,58320.216189149774,0.005581855773925781
16,L2FF,3709389.946908513,3688015.6532012187,3669756.9888285724,39632.95807994064,18258.664372646715,0.006802797317504883
16,L2FF,3727315.952397429,3714433.269175725,3673952.228224957,53363.724172471084,40481.040950767696,0.005342960357666016
16,L2FF,3742479.4575262093,3722158.1497586807,3672677.029983282,69802.42754292814,49481.1197753991,0.005298852920532226
16,L2FF,3709716.88935704,3702236.325328335,3675235.8526253686,34481.036731671535,27000.472702966537,0.005161046981811523
16,L2FF,3724751.853454605,3693134.1359718563,3671423.5188679593,53328.334586645935,21710.617103897035,0.005463123321533203
16,L2FF,3716472.6624877,3714749.5200345377,3669756.9888285724,46715.673659127206,44992.531205965206,0.005599021911621094
16,L2FF,3746080.022597037,3746080.022597037,3673952.228224957,72127.79437207943,72127.79437207943,0.006129980087280274
16,L2FF,3726289.0834982875,3718868.0101268636,3673952.228224957,52336.85527332919,44915.78190190624,0.005373239517211914
16,L2FF,3700105.298273529,3700105.298273529,3671423.5188679593,28681.779405569658,28681.779405569658,0.00568389892578125
16,L2FF,3744778.472535319,3731854.688860351,3673952.228224957,70826.24431036133,57902.46063539339,0.005445957183837891
16,L2FF,3709125.10383597,3693418.7718830365,3669756.9888285724,39368.11500739772,23661.7830544631,0.005438089370727539
16,L2FF,3718115.419045285,3718115.419045285,3672677.029983282,45438.389062002774,45438.389062002774,0.005302906036376953
16,L2FF,3699995.1458434532,3699995.1458434532,3667900.713473505,32094.432369947437,32094.432369947437,0.006738185882568359
16,L2FF,3700396.5296980334,3684545.767417666,3667900.713473505,32495.816224527545,16645.053944161158,0.005296945571899414
16,L2FF,3713704.0525788656,3713704.0525788656,3673952.228224957,39751.82435390819,39751.82435390819,0.005152702331542969
16,L2FF,3717836.8528326117,3711889.5440689195,3669756.9888285724,48079.864004039206,42132.55524034612,0.005209922790527344
16,L2FF,3747575.17212418,3747575.17212418,3669756.9888285724,77818.1832956071,77818.1832956071,0.005559921264648438
16,L2FF,3683043.315020254,3666478.442429532,3667900.713473505,15142.60154674854,-1422.2710439730436,0.006078004837036133
16,L2FF,3721959.352006661,3717904.244197852,3671423.5188679593,50535.83313870197,46480.72532989224,0.005182981491088867
16,L2FF,3682232.8638666933,3668468.549605313,3667900.713473505,14332.150393187534,567.8361318078822,0.00543522834777832
16,L2FF,3758811.0762800137,3758811.0762800137,3673952.228224957,84858.84805505676,84858.84805505676,0.005303859710693359
16,L2FF,3686083.037644185,3655693.0230310136,3667900.713473505,18182.324170679785,-12207.690442491323,0.005064964294433594
16,L2FF,3752869.634492943,3752869.634492943,3675235.8526253686,77633.78186757442,77633.78186757442,0.005179166793823242
16,L2FF,3726431.5597193176,3704171.338362184,3673952.228224957,52479.33149436023,30219.11013722653,0.006828069686889648
16,L2FF,3726220.1235180506,3719130.0347580337,3673952.228224957,52267.895293093294,45177.8065330768,0.005093097686767578
16,L2FF,3723416.465196985,3720705.009103114,3671423.5188679593,51992.94632902602,49281.49023515498,0.005367040634155274
16,L2FF,3724829.5550793163,3721579.620713805,3671423.5188679593,53406.03621135652,50156.10184584559,0.006180047988891602
16,L2FF,3673028.215769925,3664886.2119369637,3666458.3957068124,6569.820063111372,-1572.183769849129,0.005645751953125
16,L2FF,3709184.8089030036,3706049.001517377,3671423.5188679593,37761.29003504431,34625.482649417594,0.005363941192626953
16,L2FF,3745137.522658538,3740770.101868692,3669756.9888285724,75380.53382996611,71013.11304011988,0.006103038787841797
16,L2FF,3718520.9035978364,3697143.1434267033,3669756.9888285724,48763.91476926301,27386.154598130383,0.005089998245239258
16,L2FF,3679915.25947092,3673336.5982375317,3666458.3957068124,13456.863764106296,6878.202530718874,0.005007743835449219
16,L2FF,3719037.320608837,3704757.079550074,3673952.228224957,45085.09238387924,30804.85132511705,0.005101203918457031
16,L2FF,3690699.6209848807,3677432.7383150635,3667900.713473505,22798.907511375382,9532.024841558654,0.005594730377197266
16,L2FF,3707462.916879445,3689055.56362249,3669756.9888285724,37705.92805087194,19298.574793917596,0.004984855651855469
16,L2FF,3729845.219593225,3723506.00264916,3667900.713473505,61944.506119719714,55605.28917565477,0.006112098693847656
16,L2FF,3713050.033173106,3705158.571486711,3671423.5188679593,41626.51430514688,33735.05261875177,0.005110025405883789
16,L2FF,3710294.2678209287,3691518.3536851937,3669756.9888285724,40537.27899235673,21761.36485662125,0.005088090896606445
16,L2FF,3708215.6908567725,3700499.9863716974,3671423.5188679593,36792.171988813214,29076.467503738124,0.005043983459472656
16,L2FF,3706286.4866255037,3685758.579813352,3673952.228224957,32334.258400546845,11806.35158839496,0.005207061767578125
16,L2FF,3710442.262796482,3675950.523320587,3671423.5188679593,39018.74392852234,4527.004452627618,0.005401134490966797
16,L2FF,3723289.2272466994,3721826.340806874,3671423.5188679593,51865.70837874012,50402.82193891472,0.005988121032714844
16,L2FF,3741332.795741329,3741332.795741329,3671423.5188679593,69909.2768733697,69909.2768733697,0.004976987838745117
32,L2FF,1872264.6122099718,1872264.6122099718,1834257.4801439268,38007.13206604518,38007.13206604518,0.008867740631103516
32,L2FF,1878532.995752623,1870529.4057765773,1833163.011471136,45369.98428148706,37366.394305441296,0.008987903594970703
32,L2FF,1862076.5861121302,1861837.0951802528,1833163.011471136,28913.574640994193,28674.083709116792,0.008964061737060547
32,L2FF,1882662.767569724,1879842.3515502347,1830711.6437733213,51951.123796402484,49130.70777691319,0.008845090866088867
32,L2FF,1853758.1831127126,1844138.0213299384,1830711.6437733213,23046.539339390816,13426.377556616906,0.010776996612548828
32,L2FF,1831123.705148084,1819639.6075255456,1827088.9046664946,4034.800481588813,-7449.297140949174,0.009227991104125977
32,L2FF,1860676.0390068186,1856219.5132598954,1834257.4801439268,26418.558862891747,21962.03311596834,0.00932598114013672
32,L2FF,1890033.553984859,1879200.3080635832,1836753.0728622603,53280.48112259852,42447.23520132247,0.008713245391845703
32,L2FF,1851014.1279017418,1839697.041850705,1830022.6456153744,20991.482286367802,9674.396235330727,0.008871078491210938
32,L2FF,1861045.124939905,1859908.547563532,1834257.4801439268,26787.64479597821,25651.067419605097,0.008817911148071289
32,L2FF,1861544.2608063903,1855685.3233470288,1837486.94775229,24057.31305410061,18198.37559473864,0.010655879974365234
32,L2FF,1868872.2548620952,1865934.7661325887,1835981.4065847187,32890.8482773765,29953.359547870463,0.009405136108398438
32,L2FF,1893198.7803093682,1893198.7803093682,1831265.4122516124,61933.36805775553,61933.36805775553,0.008766889572143555
32,L2FF,1872840.827934493,1869485.3426452538,1830711.6437733213,42129.18416117155,38773.69887193223,0.008847236633300781
32,L2FF,1878144.21360332,1878144.21360332,1835050.8357052603,43093.37789805955,43093.37789805955,0.00877523422241211
32,L2FF,1862636.084073229,1850454.4778002158,1831810.8743606985,30825.20971253049,18643.60343951732,0.009231805801391602
32,L2FF,1877777.600544041,1867999.5468838844,1831265.4122516124,46512.188292428626,36734.13463227195,0.013065099716186523
32,L2FF,1862264.6237152428,1859750.9411105532,1833163.011471136,29101.612244106833,26587.929639416983,0.00935816764831543
32,L2FF,1892529.254159509,1875929.1465997188,1835981.4065847187,56547.847574790234,39947.740015000105,0.008808135986328125
32,L2FF,1871812.00395936,1866326.6423844544,1834257.4801439268,37554.52381543326,32069.162240527803,0.010353803634643556
32,L2FF,1879412.0423561262,1874226.5359295257,1831265.4122516124,48146.63010451407,42961.12367791333,0.00894784927368164
32,L2FF,1893942.6571580044,1892193.6706354737,1829280.4443242173,64662.21283378707,62913.22631125642,0.008754968643188477
32,L2FF,1861756.4709663931,1850746.3912290544,1830711.6437733213,31044.827193071837,20034.747455732664,0.01108098030090332
32,L2FF,1859480.8238101143,1846331.268157543,1830022.6456153744,29458.178194740318,16308.622542168481,0.009053230285644531
32,L2FF,1874978.2859798209,1856482.3946640391,1830711.6437733213,44266.642206499346,25770.75089071761,0.008962869644165039
32,L2FF,1852932.1507763,1846079.8396465837,1833163.011471136,19769.13930516364,12916.828175447417,0.009520292282104492
32,L2FF,1882489.922776725,1882489.922776725,1834257.4801439268,48232.442632798105,48232.442632798105,0.00977492332458496
32,L2FF,1859639.181930944,1859639.181930944,1828327.449695316,31311.732235627715,31311.732235627715,0.009528875350952148
32,L2FF,1860022.3617091312,1860022.3617091312,1833163.011471136,26859.350237995157,26859.350237995157,0.011066913604736328
32,L2FF,1877337.7300298118,1875389.7459888626,1833163.011471136,44174.71855867562,42226.73451772658,0.008849859237670898
32,L2FF,1860193.0536283746,1860193.0536283746,1830022.6456153744,30170.40801300062,30170.40801300062,0.00890493392944336
32,L2FF,1867481.2803589946,1867481.2803589946,1831265.4122516124,36215.868107382434,36215.868107382434,0.009523391723632812
32,L2FF,1857193.9002680343,1851335.941285516,1831810.8743606985,25383.02590733604,19525.066924817627,0.008826017379760742
32,L2FF,1874302.9332144991,1874302.9332144991,1835981.4065847187,38321.52662978042,38321.52662978042,0.00939798355102539
32,L2FF,1866712.2002067943,1864348.3318396518,1835050.8357052603,31661.364501533797,29297.49613439105,0.011229991912841795
32,L2FF,1909932.8146229663,1903326.3721159,1830711.6437733213,79221.17084964504,72614.72834257827,0.010122060775756836
32,L2FF,1897629.403570352,1890399.0015528502,1834257.4801439268,63371.92342642485,56141.52140892367,0.010651111602783205
32,L2FF,1896268.323366352,1896268.323366352,1834257.4801439268,62010.84322242509,62010.84322242509,0.009757280349731444
32,L2FF,1851994.3791935253,1845508.439800715,1831265.4122516124,20728.96694191289,14243.027549102668,0.010211944580078123
32,L2FF,1854725.7131264263,1851573.987822692,1830022.6456153744,24703.06751105236,21551.342207317477,0.009977102279663086
32,L2FF,1899545.6038399674,1899545.6038399674,1834257.4801439268,65288.123696040595,65288.123696040595,0.011654138565063477
32,L2FF,1878242.1549286896,1877326.498572497,1834257.4801439268,43984.67478476302,43069.018428569885,0.00928187370300293
32,L2FF,1851239.9668228785,1845098.7919037344,1829280.4443242173,21959.52249866119,15818.347579517167,0.009205102920532228
32,L2FF,1891154.7310271,1891154.7310271,1831810.8743606985,59343.85666640173,59343.85666640173,0.009066104888916016
32,L2FF,1873113.7885638382,1871967.0830681927,1834257.4801439268,38856.30841991118,37709.6029242659,0.009162187576293944
32,L2FF,1875588.409711337,1871489.6578913368,1830022.6456153744,45565.76409596298,41467.012275962865,0.009037256240844728
32,L2FF,1873786.359396744,1870085.953530652,1830022.6456153744,43763.71378136962,40063.30791527801,0.01091289520263672
32,L2FF,1872614.5327067492,1872614.5327067492,1831810.8743606985,40803.65834605089,40803.65834605089,0.008829116821289062
32,L2FF,1867663.5899879816,1863052.921962453,1833163.011471136,34500.578516845584,29889.91049131728,0.009230852127075195
32,L2FF,1895614.2263758543,1881541.47961016,1835050.8357052603,60563.39067059383,46490.64390489948,0.009131193161010742
32,L2FF,1867138.6037160647,1867138.6037160647,1834257.4801439268,32881.12357213837,32881.12357213837,0.009534835815429688
32,L2FF,1878401.574930425,1871606.853615427,1830711.6437733213,47689.931157103514,40895.20984210516,0.011289119720458984
32,L2FF,1863474.7175413682,1862320.5294719397,1831810.8743606985,31663.8431806697,30509.655111240918,0.009582996368408205
32,L2FF,1872011.1166911202,1860791.345371959,1831265.4122516124,40745.70443950803,29525.933120346624,0.010343313217163086
32,L2FF,1865351.36435556,1865351.36435556,1831810.8743606985,33540.48999486165,33540.48999486165,0.009321212768554688
32,L2FF,1866976.820633585,1862025.3097555225,1831810.8743606985,35165.946272886584,30214.435394823784,0.009212255477905272
32,L2FF,1892208.1462588275,1892208.1462588275,1829280.4443242173,62927.70193461026,62927.70193461026,0.009673833847045898
32,L2FF,1876244.0387644847,1875508.3129011155,1830711.6437733213,45532.39499116363,44796.66912779398,0.01077413558959961
32,L2FF,1875100.793288559,1866705.1299948315,1830022.6456153744,45078.14767318498,36682.48437945732,0.00901508331298828
32,L2FF,1865540.902159336,1860056.4749999985,1830711.6437733213,34829.25838601404,29344.831226676702,0.009612798690795898
32,L2FF,1867037.1692257228,1857939.6592727476,1831810.8743606985,35226.29486502428,26128.784912048843,0.009176015853881836
32,L2FF,1884967.561856188,1884967.561856188,1835050.8357052603,49916.7261509276,49916.7261509276,0.008873939514160156
32,L2FF,1886468.2529976475,1880999.184194241,1838353.9583962788,48114.294601368485,42645.225797962405,0.009154796600341795
32,L2FF,1857853.8091470813,1843043.3120696046,1831810.8743606985,26042.934786382833,11232.43770890613,0.010545015335083008
32,L2FF,1869280.7403900174,1868615.7698097927,1833163.011471136,36117.72891888162,35452.758338656735,0.008944034576416016
32,L2FF,1869955.594782264,1867097.4105044492,1828327.449695316,41628.14508694806,38769.96080913325,0.009685039520263672
32,L2FF,1875266.5779410459,1866121.9010841928,1831810.8743606985,43455.70358034759,34311.026723494055,0.009274721145629885
32,L2FF,1860175.6051365903,1851026.930842056,1830022.6456153744,30152.959521216108,21004.285226681503,0.009619951248168944
32,L2FF,1888494.7637228381,1883489.8698503128,1834257.4801439268,54237.28357891133,49232.38970638579,0.009291648864746094
32,L2FF,1852405.0831170012,1845991.3638289357,1833163.011471136,19242.07164586545,12828.352357799422,0.012451887130737305
32,L2FF,1884842.2227454262,1884842.2227454262,1831265.4122516124,53576.81049381406,53576.81049381406,0.01138901710510254
32,L2FF,1879055.7260112416,1879055.7260112416,1838353.9583962788,40701.767614962766,40701.767614962766,0.009632110595703123
32,L2FF,1886110.8740150856,1881176.223609414,1835050.8357052603,51060.03830982535,46125.38790415344,0.009241104125976562
32,L2FF,1871076.0388032757,1871076.0388032757,1830022.6456153744,41053.39318790124,41053.39318790124,0.009154081344604492
32,L2FF,1852175.6489579163,1846612.7030996985,1830022.6456153744,22153.0033425421,16590.057484324323,0.009260892868041992
32,L2FF,1859502.672628985,1841233.8448402982,1830711.6437733213,28791.028855663488,10522.201066976413,0.010699033737182615
32,L2FF,1865298.1834749456,1858044.2544749682,1834257.4801439268,31040.703331019035,23786.774331041383,0.00886392593383789
32,L2FF,1892185.9570401888,1890697.2515386576,1835050.8357052603,57135.12133492832,55646.41583339707,0.009042978286743164
32,L2FF,1869632.813614469,1864995.3126958269,1834257.4801439268,35375.33347054268,30737.832551900297,0.011075973510742188
32,L2FF,1873788.69142318,1858436.161692976,1831810.8743606985,41977.817062481074,26625.287332277047,0.00917506217956543
32,L2FF,1860752.1455664719,1854560.2930968988,1830711.6437733213,30040.501793150088,23848.64932357729,0.013132095336914062
32,L2FF,1869000.432006666,1867452.8577609656,1834257.4801439268,34742.95186273917,33195.37761703879,0.010921955108642578
32,L2FF,1862704.3507890943,1861490.4881485163,1835981.4065847187,26722.94420437561,25509.081563797783,0.010055065155029295
32,L2FF,1866303.764505456,1851771.15701856,1830022.6456153744,36281.11889008153,21748.51140318578,0.011934041976928713
32,L2FF,1859681.7156957532,1850153.4427166115,1835050.8357052603,24630.87999049248,15102.607011351036,0.009855031967163086
32,L2FF,1846061.593708248,1846061.593708248,1831265.4122516124,14796.181456635242,14796.181456635242,0.009345054626464844
32,L2FF,1867144.7243626718,1860648.806739267,1835050.8357052603,32093.888657411564,25597.971034006216,0.00957012176513672
32,L2FF,1867939.1386726885,1865343.1249906719,1834257.4801439268,33681.65852876147,31085.644846745297,0.01058816909790039
32,L2FF,1885691.8177246943,1883209.8861479447,1833163.011471136,52528.806253558265,50046.87467680918,0.009169816970825195
32,L2FF,1861111.5820428985,1858368.9947925173,1829280.4443242173,31831.13771868101,29088.55046830024,0.008753061294555664
32,L2FF,1872607.0525802104,1868184.0051391562,1834257.4801439268,38349.572436283575,33926.524995229665,0.01697373390197754
32,L2FF,1872017.5184889587,1872017.5184889587,1830711.6437733213,41305.87471563718,41305.87471563718,0.009385108947753906
32,L2FF,1872452.8526736773,1859266.965551772,1833163.011471136,39289.84120254149,26103.954080635685,0.008959054946899414
32,L2FF,1869494.0567602937,1862355.9358658097,1835050.8357052603,34443.22105503315,27305.100160549162,0.011238813400268556
32,L2FF,1865275.5007756224,1861357.7112610019,1831265.4122516124,34010.0885240098,30092.299009389713,0.009174108505249023
32,L2FF,1870454.7134415137,1863607.7858483125,1831810.8743606985,38643.8390808152,31796.911487614037,0.009334087371826172
32,L2FF,1863085.948733909,1862068.489605681,1831265.4122516124,31820.53648229712,30803.07735406864,0.00915670394897461
32,L2FF,1865928.6123409984,1865640.7500485226,1830711.6437733213,35216.968567676835,34929.10627520108,0.00900721549987793
32,L2FF,1879853.8961024515,1879853.8961024515,1834257.4801439268,45596.415958524456,45596.415958524456,0.009054899215698242
32,L2FF,1869793.7025656481,1869793.7025656481,1835050.8357052603,34742.86686038738,34742.86686038738,0.011055946350097656
64,L2FF,954145.170883534,954145.170883534,915057.6009629332,39087.56992060063,39087.56992060063,0.01736903190612793
64,L2FF,934680.7455068141,934680.7455068141,914678.0230849914,20002.72242182272,20002.72242182272,0.017210960388183594
64,L2FF,947657.7030521864,944311.9566732631,914678.0230849914,32979.67996719503,29633.933588271728,0.01784491539001465
64,L2FF,942439.3082584272,941770.8112006288,915057.6009629332,27381.707295493805,26713.21023769549,0.017615318298339844
64,L2FF,965296.9740673995,965296.9740673995,914296.7477637556,51000.22630364401,51000.22630364401,0.01795506477355957
64,L2FF,934421.4254367866,932435.2425503652,912948.4406747513,21472.984762035427,19486.801875613983,0.02028894424438477
64,L2FF,942060.0005751698,942060.0005751698,914296.7477637556,27763.25281141419,27763.25281141419,0.017575979232788086
64,L2FF,941472.7748536936,937981.3685694687,913261.4865473821,28211.288306311588,24719.882022086764,0.0184478759765625
64,L2FF,930309.5958321609,924494.997220232,911981.4900109543,18328.1058212067,12513.507209277712,0.017959117889404297
64,L2FF,936132.490148792,930658.8157820349,914678.0230849914,21454.467063800665,15980.792697043276,0.018863201141357425
64,L2FF,948344.5695815166,941880.5539607764,912580.7380949492,35763.83148656739,29299.815865827142,0.023472070693969727
64,L2FF,953768.963468608,948937.0398827152,914296.7477637556,39472.21570485225,34640.292118959485,0.022342205047607425
64,L2FF,955642.6435010678,949992.1118371381,916444.662778637,39197.98072243074,33547.449058501166,0.01694488525390625
64,L2FF,930271.411976602,925501.7403696307,913968.1675230544,16303.244453547404,11533.57284657634,0.01703667640686035
64,L2FF,931995.4052839022,931995.4052839022,913261.4865473821,18733.918736520107,18733.918736520107,0.01790904998779297
64,L2FF,937017.1118011136,936066.5332208169,912948.4406747513,24068.671126362402,23118.092546065687,0.01786017417907715
64,L2FF,957429.511067784,949941.1897419088,911981.4900109543,45448.02105682972,37959.69973095437,0.017694950103759766
64,L2FF,941956.520379121,938644.1349624228,913968.1675230544,27988.352856066427,24675.96743936825,0.022068023681640625
64,L2FF,936428.3742578505,936428.3742578505,913261.4865473821,23166.887710468374,23166.887710468374,0.017208099365234375
64,L2FF,942790.959737538,942790.959737538,913968.1675230544,28822.792214483605,28822.792214483605,0.016950130462646484
64,L2FF,953909.803421534,953909.803421534,913968.1675230544,39941.63589847962,39941.63589847962,0.01673412322998047
64,L2FF,944644.4868129523,944644.4868129523,914296.7477637556,30347.739049196713,30347.739049196713,0.017056703567504883
64,L2FF,942770.0815523892,942770.0815523892,913968.1675230544,28801.914029334668,28801.914029334668,0.01677393913269043
64,L2FF,946118.960257191,945966.8718315123,913261.4865473821,32857.47370980889,32705.385284130465,0.02120184898376465
64,L2FF,945139.2895021538,938089.7904294892,913261.4865473821,31877.80295477167,24828.303882107026,0.017539024353027344
64,L2FF,947040.1316909916,944992.7917648392,917189.4125039836,29850.719187007984,27803.379260855727,0.017386913299560547
64,L2FF,941248.5126870726,928679.8819671696,914678.0230849914,26570.489602081245,14001.85888217832,0.01854896545410156
64,L2FF,953585.5524056829,953585.5524056829,911586.4801952236,41999.07221045939,41999.07221045939,0.016743898391723633
64,L2FF,947075.5530813405,935386.2161547872,915057.6009629332,32017.95211840724,20328.615191853954,0.017488956451416016
64,L2FF,952593.1437262128,945686.8821175826,911586.4801952236,41006.66353098932,34100.40192235913,0.019845008850097656
64,L2FF,942858.4479853596,939049.2443750892,915974.8588141324,26883.589171227417,23074.3855609569,0.016865015029907227
64,L2FF,975748.845791929,975748.845791929,913968.1675230544,61780.67826887452,61780.67826887452,0.016670942306518555
64,L2FF,945825.2435801931,943338.7653620758,917082.5949400868,28742.648640106432,26256.170421988936,0.01702094078063965
64,L2FF,936343.9603173088,936343.9603173088,912580.7380949492,23763.222222359615,23763.222222359615,0.017852783203125
64,L2FF,952760.7670641972,952760.7670641972,916444.662778637,36316.10428556032,36316.10428556032,0.01714301109313965
64,L2FF,953948.0251212708,953276.9871036592,913968.1675230544,39979.857598216164,39308.81958060467,0.019649982452392575
64,L2FF,955433.5082289369,955433.5082289369,914296.7477637556,41136.760465181316,41136.760465181316,0.017381906509399414
64,L2FF,947437.2149511819,943101.8659426157,914296.7477637556,33140.46718742617,28805.11817885993,0.017213821411132812
64,L2FF,936806.0532151442,936806.0532151442,911981.4900109543,24824.563204189883,24824.563204189883,0.017342805862426758
64,L2FF,936111.9723492229,932743.4324086758,912948.4406747513,23163.531674471567,19794.9917339246,0.017157793045043945
64,L2FF,944637.0821984248,944637.0821984248,913261.4865473821,31375.595651042648,31375.595651042648,0.016618967056274414
64,L2FF,928467.8468490588,922945.0619083656,912580.7380949492,15887.108754109593,10364.323813416297,0.02023911476135254
64,L2FF,938016.3572112364,938016.3572112364,909763.5130668113,28252.84414442501,28252.84414442501,0.01719498634338379
64,L2FF,928912.0933772995,923972.9265564823,911981.4900109543,16930.6033663454,11991.436545528122,0.017359256744384766
64,L2FF,947455.5419001876,947455.5419001876,915057.6009629332,32397.94093725446,32397.94093725446,0.017262935638427734
64,L2FF,933198.4856139458,928944.0325795246,913580.9311399921,19617.554473953904,15363.101439532707,0.018896818161010742
64,L2FF,936113.7057442102,934015.6003353952,915694.3798005718,20419.325943638334,18321.22053482337,0.01828575134277344
64,L2FF,934686.6050833056,929838.9362034878,913261.4865473821,21425.11853592354,16577.449656105717,0.020968914031982425
64,L2FF,932952.4159770152,926467.5812452949,912580.7380949492,20371.677882066117,13886.843150345609,0.017559051513671875
64,L2FF,939468.8387452336,936587.9706749115,913968.1675230544,25500.67122217908,22619.80315185722,0.0162811279296875
64,L2FF,939161.3888677657,936258.4207623523,915694.3798005718,23467.00906719372,20564.04096178058,0.01702594757080078
64,L2FF,954358.882642552,954358.882642552,914296.7477637556,40062.13487879641,40062.13487879641,0.01689004898071289
64,L2FF,943323.5066390423,943321.6425471377,912948.4406747513,30375.065964291105,30373.20187238627,0.017685890197753906
64,L2FF,951547.8362368064,951547.8362368064,914296.7477637556,37251.088473050855,37251.088473050855,0.020086050033569336
64,L2FF,935385.4849547115,933475.2842758414,911981.4900109543,23403.99494375742,21493.79426488711,0.017143964767456055
64,L2FF,953067.277274052,953067.277274052,914296.7477637556,38770.5295102963,38770.5295102963,0.01723027229309082
64,L2FF,936591.510569686,936591.510569686,913968.1675230544,22623.34304663143,22623.34304663143,0.01836800575256348
64,L2FF,940918.9012986148,939514.1138770722,913968.1675230544,26950.733775560162,25545.94635401771,0.01703810691833496
64,L2FF,940698.5763889478,940698.5763889478,911586.4801952236,29112.096193724312,29112.096193724312,0.01691579818725586
64,L2FF,950035.6557234945,950035.6557234945,913968.1675230544,36067.48820044007,36067.48820044007,0.020389080047607425
64,L2FF,940575.9165770485,940575.9165770485,915974.8588141324,24601.0577629162,24601.0577629162,0.023941993713378903
64,L2FF,943304.5150964449,943304.5150964449,914678.0230849914,28626.492011453487,28626.492011453487,0.017350196838378906
64,L2FF,939881.1905356508,939881.1905356508,911586.4801952236,28294.710340427235,28294.710340427235,0.017055034637451172
64,L2FF,956191.4308146028,956191.4308146028,915694.3798005718,40497.05101403093,40497.05101403093,0.016671419143676758
64,L2FF,945888.7501549791,945888.7501549791,912948.4406747513,32940.30948022776,32940.30948022776,0.01687479019165039
64,L2FF,944537.5516437205,944537.5516437205,915420.2356048679,29117.316038852437,29117.316038852437,0.02064204216003418
64,L2FF,965896.1797702056,965896.1797702056,915420.2356048679,50475.944165337714,50475.944165337714,0.016590118408203125
64,L2FF,940519.0929001629,928850.9494638385,914678.0230849914,25841.06981517165,14172.9263788471,0.016972064971923828
64,L2FF,928851.238930338,928851.238930338,913580.9311399921,15270.307790346209,15270.307790346209,0.01686382293701172
64,L2FF,948834.0418441223,948834.0418441223,915694.3798005718,33139.662043550634,33139.662043550634,0.016689062118530273
64,L2FF,928406.8715378313,927101.0955348201,913968.1675230544,14438.70401477674,13132.928011765704,0.01671600341796875
64,L2FF,947730.505023488,947123.4680454144,915057.6009629332,32672.904060554687,32065.867082481036,0.019982099533081055
64,L2FF,934979.2500734512,934979.2500734512,914296.7477637556,20682.50230969547,20682.50230969547,0.016869068145751953
64,L2FF,958211.812384634,954243.6757700696,913580.9311399921,44630.88124464208,40662.744630077614,0.017184734344482422
64,L2FF,932370.5440297731,924698.6788614992,913580.9311399921,18789.612889781478,11117.747721507214,0.01793527603149414
64,L2FF,938422.5928982014,934381.6514206766,913580.9311399921,24841.66175820958,20800.720280684764,0.017037153244018555
64,L2FF,950152.384542878,944552.2273483984,914296.7477637556,35855.63677912229,30255.47958464269,0.016701936721801758
64,L2FF,953852.8448674508,953393.9164696843,913580.9311399921,40271.9137274588,39812.9853296926,0.02112722396850586
64,L2FF,926140.3046419424,921699.728491273,911586.4801952236,14553.824446718909,10113.248296049542,0.016431808471679688
64,L2FF,948122.9791231966,948122.9791231966,915057.6009629332,33065.37816026329,33065.37816026329,0.017328977584838867
64,L2FF,943251.5683405256,943251.5683405256,914678.0230849914,28573.54525553412,28573.54525553412,0.01775813102722168
64,L2FF,934151.5349121131,933433.3733571344,910029.4387435372,24122.09616857616,23403.934613597343,0.01825094223022461
64,L2FF,953822.9533190479,951866.2298566378,914296.7477637556,39526.20555529243,37569.482092882165,0.016872167587280273
64,L2FF,944504.6305811264,939974.716694613,913261.4865473821,31243.14403374435,26713.230147230905,0.020241260528564453
64,L2FF,950218.3905840815,950218.3905840815,913580.9311399921,36637.459444089676,36637.459444089676,0.016672134399414062
64,L2FF,923166.4529656337,922274.4360406816,910696.2764444149,12470.17652121908,11578.159596266923,0.016743898391723633
64,L2FF,941248.5159351887,941248.5159351887,913968.1675230544,27280.34841213433,27280.34841213433,0.01667928695678711
64,L2FF,931970.16136233,925158.977201547,912948.4406747513,19021.72068757878,12210.536526795826,0.01767897605895996
64,L2FF,942888.9598786484,942888.9598786484,916444.662778637,26444.297100011376,26444.297100011376,0.017982006072998047
64,L2FF,939082.6910683864,939082.6910683864,914678.0230849914,24404.667983395168,24404.667983395168,0.02077007293701172
64,L2FF,948947.6286207299,947711.8658909295,913261.4865473821,35686.1420733477,34450.379343547385,0.017089128494262695
64,L2FF,926497.1357087569,925533.9749543177,912580.7380949492,13916.397613807581,12953.236859368508,0.016805171966552734
64,L2FF,944947.5993454676,944947.5993454676,913580.9311399921,31366.668205475788,31366.668205475788,0.017175912857055664
64,L2FF,942250.0141254101,942250.0141254101,913580.9311399921,28669.082985418383,28669.082985418383,0.016921043395996094
64,L2FF,940363.109029193,931377.2360256531,914678.0230849914,25685.08594420156,16699.21294066182,0.01805591583251953
64,L2FF,941957.1525615419,939067.103555512,912580.7380949492,29376.414466592596,26486.365460562873,0.019813060760498047
64,L2FF,942853.734725426,942853.734725426,914296.7477637556,28556.986961670453,28556.986961670453,0.016431808471679688
64,L2FF,942800.3029806431,942800.3029806431,910029.4387435372,32770.864237106056,32770.864237106056,0.017339706420898438
64,L2FF,944837.2020929358,944837.2020929358,913968.1675230544,30869.034569881274,30869.034569881274,0.017147064208984375
64,L2FF,944055.784797442,944055.784797442,915420.2356048679,28635.549192573988,28635.549192573988,0.0172271728515625
128,L2FF,488557.23964139045,484710.7153780939,453601.49988018884,34955.739761201665,31109.215497905097,0.033010005950927734
128,L2FF,476691.3546702803,476691.3546702803,454055.6611352607,22635.693535019644,22635.693535019644,0.03911399841308594
128,L2FF,471743.5172944122,471743.5172944122,455230.2295244159,16513.287769996332,16513.287769996332,0.0344088077545166
128,L2FF,476501.178585537,476439.6104968787,454612.2482756072,21888.93030992983,21827.362221271498,0.03339195251464844
128,L2FF,477340.48419956345,477340.48419956345,455973.45007221156,21367.034127351766,21367.034127351766,0.033696889877319336
128,L2FF,476859.90687370225,476859.90687370225,453136.22209551226,23723.684778189927,23723.684778189927,0.033258914947509766
128,L2FF,480190.6084078836,480190.6084078836,454239.9126231339,25950.695784749696,25950.695784749696,0.037899017333984375
128,L2FF,485519.4102162621,481528.6071539151,454782.10084170866,30737.309374553442,26746.50631220645,0.03372693061828613
128,L2FF,477361.7256636688,477361.7256636688,454055.6611352607,23306.06452840811,23306.06452840811,0.032444000244140625
128,L2FF,481447.3430169167,481447.3430169167,455440.9305591342,26006.412457782484,26006.412457782484,0.03293800354003906
128,L2FF,475372.9004917314,475372.9004917314,454239.9126231339,21132.987868597495,21132.987868597495,0.03395414352416992
128,L2FF,483904.3110491494,483904.3110491494,453746.1963173043,30158.11473184504,30158.11473184504,0.03222393989562988
128,L2FF,477697.49209417147,477697.49209417147,454612.2482756072,23085.243818564282,23085.243818564282,0.03892707824707031
128,L2FF,474703.2258799791,474703.2258799791,454782.10084170866,19921.12503827043,19921.12503827043,0.032764196395874016
128,L2FF,466367.3783730918,465832.5333582917,454055.6611352607,12311.717237831092,11776.872223031009,0.03307914733886719
128,L2FF,474524.77520717046,474524.77520717046,453900.67521771,20624.099989460432,20624.099989460432,0.03304386138916016
128,L2FF,474889.9426558981,474889.9426558981,454612.2482756072,20277.694380290865,20277.694380290865,0.033029794692993164
128,L2FF,484601.976635488,484601.976635488,454612.2482756072,29989.728359880803,29989.728359880803,0.0334620475769043
128,L2FF,476205.41726207896,474790.11693139526,454239.9126231339,21965.504638945044,20550.204308261218,0.040625333786010735
128,L2FF,472952.56056335935,468017.43265210435,455393.70579334296,17558.85477001645,12623.726858761336,0.03368711471557617
128,L2FF,476975.25708632095,476975.25708632095,453900.67521771,23074.58186861087,23074.58186861087,0.03470897674560547
128,L2FF,476357.42165145365,473268.7599461914,453422.067870469,22935.35378098465,19846.69207572233,0.032737016677856445
128,L2FF,487457.6325782293,487457.6325782293,455393.70579334296,32063.926784886226,32063.926784886226,0.032706022262573235
128,L2FF,476723.5862490699,475470.3325259878,455643.8795960243,21079.706653045607,19826.452929963478,0.03301310539245605
128,L2FF,465046.50322326936,463691.8697636223,453900.67521771,11145.828005559337,9791.194545912265,0.038412809371948235
128,L2FF,472608.9387996985,472539.18942339177,454239.9126231339,18369.026176564566,18299.27680025791,0.032845735549926765
128,L2FF,474864.61398028047,471033.2396345018,454951.90952635976,19912.704453920767,16081.330108142107,0.034700870513916016
128,L2FF,475406.1544051349,471670.068132576,454612.2482756072,20793.906129527604,17057.819856968767,0.032284021377563484
128,L2FF,478580.2569424743,478459.3097825997,454951.90952635976,23628.347416114528,23507.400256239926,0.032441139221191406
128,L2FF,474275.0597815649,474275.0597815649,454460.2123446566,19814.847436908283,19814.847436908283,0.03317403793334961
128,L2FF,478962.1944231365,478962.1944231365,455440.9305591342,23521.26386400231,23521.26386400231,0.039438724517822266
128,L2FF,483994.96777682775,478858.4768347355,454612.2482756072,29382.71950122045,24246.22855912824,0.03288125991821289
128,L2FF,491029.61010422703,491029.61010422703,454239.9126231339,36789.697481093055,36789.697481093055,0.03324580192565918
128,L2FF,473118.9715986462,470242.1919906127,456962.6039123669,16156.367686279293,13279.588078245813,0.03403902053833008
128,L2FF,473354.320300398,473354.320300398,455113.49462341703,18240.825676980952,18240.825676980952,0.034231901168823235
128,L2FF,475233.7599705138,468531.1247247756,454951.90952635976,20281.850444154054,13579.215198415857,0.033493995666503906
128,L2FF,465852.7107356326,461240.1439594782,454055.6611352607,11797.049600371975,7184.482824217528,0.03913402557373047
128,L2FF,478616.4064791465,478616.4064791465,455539.40479680954,23077.001682336966,23077.001682336966,0.034178972244262695
128,L2FF,480043.343301824,480043.343301824,454782.10084170866,25261.242460115347,25261.242460115347,0.040736913681030266
128,L2FF,475460.7182896956,472838.2828433634,454239.9126231339,21220.805666561704,18598.37022022949,0.033778905868530266
128,L2FF,486106.53694704117,485173.7798068505,454612.2482756072,31494.288671433926,30561.531531243243,0.034091949462890625
128,L2FF,472464.1811422542,472464.1811422542,454951.90952635976,17512.2716158944,17512.2716158944,0.033748865127563484
128,L2FF,471134.72381408146,471134.72381408146,454055.6611352607,17079.062678820803,17079.062678820803,0.04040026664733887
128,L2FF,479861.3929810961,479861.3929810961,454782.10084170866,25079.292139387457,25079.292139387457,0.03378725051879883
128,L2FF,475152.1990419744,474377.6778694106,454782.10084170866,20370.098200265784,19595.57702770189,0.033308982849121094
128,L2FF,475487.6445274887,474732.239728566,455440.9305591342,20046.71396835451,19291.3091694318,0.03239107131958008
128,L2FF,478476.9928548506,475807.56516808533,455113.49462341703,23363.498231433623,20694.07054466824,0.03514409065246582
128,L2FF,485763.9371689326,485763.9371689326,453900.67521771,31863.26195122255,31863.26195122255,0.03278684616088867
128,L2FF,469639.0141856994,469639.0141856994,454782.10084170866,14856.91334399069,14856.91334399069,0.03958916664123535
128,L2FF,479700.39053714275,479700.39053714275,453601.49988018884,26098.89065695391,26098.89065695391,0.033693790435791016
128,L2FF,473907.6414444562,473283.57371762925,453601.49988018884,20306.14156426745,19682.073837440403,0.034072160720825195
128,L2FF,481158.0127769866,480596.537824714,453545.5961878616,27612.416589125,27050.941636852403,0.03325796127319336
128,L2FF,482907.3315360018,482907.3315360018,454460.2123446566,28447.119191345177,28447.119191345177,0.03290510177612305
128,L2FF,471392.41575840226,471017.07426532655,452954.58984623617,18437.825912166096,18062.484419090382,0.03327488899230957
128,L2FF,486825.7527361934,486825.7527361934,454612.2482756072,32213.50446058612,32213.50446058612,0.03880214691162109
128,L2FF,478391.71755640255,478391.71755640255,454612.2482756072,23779.46928079543,23779.46928079543,0.033203840255737305
128,L2FF,471323.2901693596,471323.2901693596,454782.10084170866,16541.189327650936,16541.189327650936,0.033019065856933594
128,L2FF,472593.4433415757,472593.4433415757,456104.06054137717,16489.382800198568,16489.382800198568,0.032232999801635735
128,L2FF,480140.3199876008,480140.3199876008,455440.9305591342,24699.389428466617,24699.389428466617,0.03522205352783203
128,L2FF,471639.77756818244,470848.9799301031,455973.45007221156,15666.327495970763,14875.529857891435,0.032767057418823235
128,L2FF,473505.2718232846,473480.7199339907,454612.2482756072,18893.02354767738,18868.471658383496,0.03877997398376465
128,L2FF,476268.860260268,474456.49150486407,454460.2123446566,21808.647915611335,19996.279160207432,0.033078670501708984
128,L2FF,472550.226597202,472550.226597202,454460.2123446566,18090.014252545312,18090.014252545312,0.0335688591003418
128,L2FF,481275.4171780867,481275.4171780867,454239.9126231339,27035.504554952782,27035.504554952782,0.032694101333618164
128,L2FF,479654.0114541854,475124.9769497171,453545.5961878616,26108.41526632384,21579.380761855515,0.033529043197631836
128,L2FF,471731.8082051306,471731.8082051306,454782.10084170866,16949.707363421967,16949.707363421967,0.03450179100036621
128,L2FF,475160.71278107475,473864.8045234818,456189.52376408037,18971.18901699444,17675.28075940144,0.040078163146972656
128,L2FF,492227.4556086443,492227.4556086443,455440.9305591342,36786.52504951011,36786.52504951011,0.032643795013427734
128,L2FF,482860.76727449097,479398.3870724083,454055.6611352607,28805.106139230247,25342.72593714762,0.03325200080871582
128,L2FF,471433.0561116589,468806.8546125674,454055.6611352607,17377.39497639821,14751.193477306748,0.03356218338012695
128,L2FF,477893.3250125942,477893.3250125942,455230.2295244159,22663.095488178253,22663.095488178253,0.03354597091674805
128,L2FF,482623.1042419353,482623.1042419353,456104.06054137717,26519.043700558075,26519.043700558075,0.038379907608032234
128,L2FF,499482.99028751405,499482.99028751405,455230.2295244159,44252.76076309814,44252.76076309814,0.03243112564086914
128,L2FF,470591.1344406446,470591.1344406446,453746.1963173043,16844.938123340253,16844.938123340253,0.034603118896484375
128,L2FF,472783.80144250405,469563.93879598717,454460.2123446566,18323.589097847405,15103.726451330527,0.03443121910095215
128,L2FF,489693.61682386533,489693.61682386533,454460.2123446566,35233.404479208635,35233.404479208635,0.03541111946105957
128,L2FF,473031.9741527421,473031.9741527421,454239.9126231339,18792.061529608152,18792.061529608152,0.03378796577453613
128,L2FF,475249.0777135148,475249.0777135148,453422.067870469,21827.009843045733,21827.009843045733,0.04169607162475586
128,L2FF,474065.13354921923,474065.13354921923,454951.90952635976,19113.224022859475,19113.224022859475,0.03251481056213379
128,L2FF,473215.3007417269,470928.34389523906,454239.9126231339,18975.388118592964,16688.431272105194,0.03472304344177246
128,L2FF,479652.41364478064,479652.41364478064,454055.6611352607,25596.752509519923,25596.752509519923,0.03336381912231445
128,L2FF,474884.6354876484,474884.6354876484,454951.90952635976,19932.72596128861,19932.72596128861,0.033210039138793945
128,L2FF,480788.54663685686,480788.54663685686,454951.90952635976,25836.637110497104,25836.637110497104,0.031948089599609375
128,L2FF,481311.22956828255,478685.09209601046,454612.2482756072,26698.981292675366,24072.843820403272,0.03926897048950195
128,L2FF,471510.7212327719,471510.7212327719,453746.1963173043,17764.52491546754,17764.52491546754,0.032390832901000984
128,L2FF,472056.6167532037,472056.6167532037,454239.9126231339,17816.704130069757,17816.704130069757,0.032518863677978516
128,L2FF,478654.4208199363,478654.4208199363,454055.6611352607,24598.759684675664,24598.759684675664,0.03273797035217285
128,L2FF,471217.1950046072,470923.1481808732,454239.9126231339,16977.282381473284,16683.235557739274,0.03309011459350586
128,L2FF,482052.6235719057,477821.73408654897,454782.10084170866,27270.52273019706,23039.633244840308,0.03235197067260742
128,L2FF,473509.95015273406,473509.95015273406,455393.70579334296,18116.244359391047,18116.244359391047,0.037967920303344734
128,L2FF,488525.67385255283,488525.67385255283,454612.2482756072,33913.425576945534,33913.425576945534,0.03232002258300781
128,L2FF,485840.4756511888,485840.4756511888,454239.9126231339,31600.56302805484,31600.56302805484,0.0320131778717041
128,L2FF,468485.3639970633,464450.81701163424,453422.067870469,15063.296126594243,11028.749141165115,0.03315281867980957
128,L2FF,482223.470737821,475928.8087869809,456104.06054137717,26119.41019644384,19824.748245603754,0.03286409378051758
128,L2FF,479335.25869355357,479335.25869355357,455643.8795960243,23691.379097529338,23691.379097529338,0.035182952880859375
128,L2FF,478233.78927344346,478233.78927344346,453601.49988018884,24632.289393254672,24632.289393254672,0.03961491584777832
128,L2FF,479393.6692826313,479393.6692826313,453330.367753723,26063.30152890825,26063.30152890825,0.03214287757873535
128,L2FF,476583.3406557578,474013.6085102262,453746.1963173043,22837.144338453483,20267.41219292191,0.033746004104614265
128,L2FF,484339.10559075634,484339.10559075634,454782.10084170866,29557.00474904769,29557.00474904769,0.032050132751464844
128,L2FF,473808.7506223257,471020.76978270063,453900.67521771,19908.075404615665,17120.094564990606,0.03278899192810058
256,L2FF,245933.0217397793,245933.0217397793,225238.8604691121,20694.16127066716,20694.16127066716,0.07144808769226074
256,L2FF,239790.6662302549,239790.6662302549,224603.2386145603,15187.427615694585,15187.427615694585,0.06421780586242676
256,L2FF,244294.96035089905,244294.96035089905,225606.02383164692,18688.93651925216,18688.93651925216,0.06660199165344237
256,L2FF,238347.5480611062,238347.5480611062,224766.25084949454,13581.297211611673,13581.297211611673,0.06345796585083008
256,L2FF,247312.48425117397,246527.4243863459,224766.25084949454,22546.233401679434,21761.17353685136,0.07005906105041504
256,L2FF,247816.3387025813,247816.3387025813,225557.18652147328,22259.152181107987,22259.152181107987,0.06478619575500487
256,L2FF,246945.7998065187,246945.7998065187,224267.9627976178,22677.837008900908,22677.837008900908,0.06264996528625487
256,L2FF,248422.0898412329,248422.0898412329,225098.091283269,23323.998557963878,23323.998557963878,0.06309819221496582
256,L2FF,241369.75891782442,241369.75891782442,225098.091283269,16271.667634555432,16271.667634555432,0.07346081733703612
256,L2FF,242586.9024671829,242586.9024671829,224632.4103436316,17954.49212355126,17954.49212355126,0.06209707260131836
256,L2FF,240831.78424379003,240831.78424379003,225557.18652147328,15274.597722316714,15274.597722316714,0.06324076652526855
256,L2FF,243569.4524914473,243569.4524914473,224162.71606193602,19406.736429511308,19406.736429511308,0.06592488288879395
256,L2FF,242390.51407762364,242390.51407762364,224873.02855819228,17517.485519431353,17517.485519431353,0.07235479354858397
256,L2FF,242833.7297934901,242833.7297934901,224873.02855819228,17960.701235297864,17960.701235297864,0.06593823432922362
256,L2FF,241475.82352448135,241475.82352448135,224442.0182914736,17033.80523300782,17033.80523300782,0.0647428035736084
256,L2FF,241653.78726737012,235035.0901110913,224594.0629812254,17059.724286144687,10441.02712986595,0.061690092086791985
256,L2FF,242141.8260850789,242141.8260850789,224873.02855819228,17268.7975268866,17268.7975268866,0.07161402702331543
256,L2FF,243227.9716986288,243227.9716986288,225606.02383164692,17621.947866981936,17621.947866981936,0.06231498718261719
256,L2FF,238763.3033918636,238107.0618182631,224971.86841904465,13791.43497281894,13135.193399218491,0.06756711006164551
256,L2FF,250884.54846637454,250884.54846637454,224207.47428623502,26677.074180139552,26677.074180139552,0.06369996070861816
256,L2FF,246405.535966412,246405.535966412,224932.84986654395,21472.68609986804,21472.68609986804,0.07082915306091309
256,L2FF,249936.5308409959,249936.5308409959,226692.85792248987,23243.672918505967,23243.672918505967,0.06519508361816406
256,L2FF,251140.50735819628,251140.50735819628,224873.02855819228,26267.478800004028,26267.478800004028,0.061553955078125
256,L2FF,248944.86831845852,248944.86831845852,225557.18652147328,23387.681796985155,23387.681796985155,0.06294465065002441
256,L2FF,238025.86206366075,238025.86206366075,224267.9627976178,13757.899266042949,13757.899266042949,0.07521677017211914
256,L2FF,240896.0652093671,240896.0652093671,225346.73814565025,15549.32706371686,15549.32706371686,0.06456995010375978
256,L2FF,245998.62674775155,245998.62674775155,225346.73814565025,20651.888602101302,20651.888602101302,0.06645321846008301
256,L2FF,241095.74366860578,241095.74366860578,225606.02383164692,15489.719836958946,15489.719836958946,0.06366705894470215
256,L2FF,244991.2978928975,244991.2978928975,223413.91920347165,21577.37868942585,21577.37868942585,0.07514381408691406
256,L2FF,239358.81424191655,238882.05780217968,224766.25084949454,14592.563392422046,14115.806952685205,0.06452822685241699
256,L2FF,239837.0198668897,239837.0198668897,224207.47428623502,15629.545580654723,15629.545580654723,0.06679296493530272
256,L2FF,240685.3126293147,240685.3126293147,224971.86841904465,15713.4442102701,15713.4442102701,0.061953067779541016
256,L2FF,240854.6473952648,240245.49128855878,224442.0182914736,16412.62910379123,15803.47299708522,0.07107424736022949
256,L2FF,244865.94633307692,244865.94633307692,224632.4103436316,20233.535989445256,20233.535989445256,0.0636451244354248
256,L2FF,240221.50432476227,240221.50432476227,224971.86841904465,15249.635905717618,15249.635905717618,0.06571221351623535
256,L2FF,242139.8730036535,242139.8730036535,224873.02855819228,17266.844445461204,17266.844445461204,0.06536602973937987
256,L2FF,246714.97963062482,246714.97963062482,226182.70570974628,20532.27392087848,20532.27392087848,0.07479715347290039
256,L2FF,241872.33693105387,241872.33693105387,224632.4103436316,17239.926587422233,17239.926587422233,0.0627131462097168
256,L2FF,249884.35477118718,247136.5680434303,223926.7251704856,25957.62960070159,23209.842872944715,0.06278109550476074
256,L2FF,246645.3164020176,246645.3164020176,224932.84986654395,21712.466535473683,21712.466535473683,0.06203603744506836
256,L2FF,244963.1067444836,244963.1067444836,224932.84986654395,20030.25687793965,20030.25687793965,0.07620000839233397
256,L2FF,245021.7340409139,245021.7340409139,224358.6318072797,20663.102233634185,20663.102233634185,0.062112092971801765
256,L2FF,242384.3702534499,242384.3702534499,224594.0629812254,17790.307272224483,17790.307272224483,0.062045097351074226
256,L2FF,239999.21468390603,239999.21468390603,224932.84986654395,15066.364817362075,15066.364817362075,0.06227684020996094
256,L2FF,241915.50159307747,241915.50159307747,224442.0182914736,17473.483301603876,17473.483301603876,0.07162189483642578
256,L2FF,237978.08003664808,237978.08003664808,224490.2560142173,13487.82402243081,13487.82402243081,0.06024026870727539
256,L2FF,243877.73922867217,243877.73922867217,224766.25084949454,19111.48837917767,19111.48837917767,0.062774658203125
256,L2FF,247315.95934089948,247315.95934089948,225465.9614721136,21849.99786878593,21849.99786878593,0.062299013137817376
256,L2FF,244820.55390155324,244820.55390155324,224009.07935478925,20811.47454676396,20811.47454676396,0.07196903228759766
256,L2FF,247671.8212456176,247671.8212456176,225557.18652147328,22114.6347241443,22114.6347241443,0.06259775161743164
256,L2FF,247901.80622490193,247901.80622490193,224594.0629812254,23307.743243676494,23307.743243676494,0.06255722045898438
256,L2FF,239137.17312208557,236986.70736526,224603.2386145603,14533.934507525264,12383.468750699685,0.06221699714660645
256,L2FF,242700.72279360786,242700.72279360786,225557.18652147328,17143.536272134545,17143.536272134545,0.07302594184875487
256,L2FF,247596.63368929995,247596.63368929995,226062.1776194128,21534.45606988715,21534.45606988715,0.061539888381958015
256,L2FF,235028.00203696228,235028.00203696228,223684.75021067733,11343.251826284919,11343.251826284919,0.06239008903503417
256,L2FF,245916.5371952455,245916.5371952455,224603.2386145603,21313.298580685194,21313.298580685194,0.06561017036437987
256,L2FF,241580.17851288692,241580.17851288692,225346.73814565025,16233.440367236617,16233.440367236617,0.07175302505493164
256,L2FF,245386.2721634693,244874.73881542144,224594.0629812254,20792.20918224388,20280.67583419604,0.06360197067260742
256,L2FF,244738.79511013805,244738.79511013805,224632.4103436316,20106.384766506442,20106.384766506442,0.062357902526855476
256,L2FF,241180.715909568,241180.715909568,224490.2560142173,16690.459895350683,16690.459895350683,0.06367897987365723
256,L2FF,250030.28149163784,250030.28149163784,225500.09845417397,24530.183037463838,24530.183037463838,0.0725870132446289
256,L2FF,243858.5641600537,241890.29923414983,224632.4103436316,19226.153816422127,17257.888890518254,0.06300210952758789
256,L2FF,241812.4597208445,238974.8047156756,225465.9614721136,16346.498248730959,13508.843243562034,0.061971187591552734
256,L2FF,241195.57010631962,241195.57010631962,224207.47428623502,16988.095820084593,16988.095820084593,0.0621640682220459
256,L2FF,239881.70694315602,239881.70694315602,225465.9614721136,14415.745471042437,14415.745471042437,0.07157397270202638
256,L2FF,237326.6901542271,237326.6901542271,224267.9627976178,13058.727356609306,13058.727356609306,0.06322193145751953
256,L2FF,239017.38699902126,237163.55338643343,224603.2386145603,14414.148384460916,12560.314771873147,0.06308484077453612
256,L2FF,240451.98411319157,240451.98411319157,225098.091283269,15353.892829922552,15353.892829922552,0.06209897994995117
256,L2FF,238820.85633326444,238820.85633326444,224490.2560142173,14330.600319047138,14330.600319047138,0.07257390022277832
256,L2FF,244049.1583818953,242224.5429955773,225098.091283269,18951.067098626318,17126.451712308306,0.06404614448547362
256,L2FF,238198.796726684,238198.796726684,224971.86841904465,13226.928307639348,13226.928307639348,0.0637359619140625
256,L2FF,239694.83925298895,239694.83925298895,225820.6789394699,13874.160313519067,13874.160313519067,0.062381744384765625
256,L2FF,238748.6263746089,238748.6263746089,224490.2560142173,14258.370360391566,14258.370360391566,0.07804703712463379
256,L2FF,248452.42777835802,248452.42777835802,225098.091283269,23354.336495088995,23354.336495088995,0.06427502632141112
256,L2FF,239328.11216301823,239328.11216301823,224932.84986654395,14395.262296474337,14395.262296474337,0.06515789031982422
256,L2FF,247817.8181280716,247817.8181280716,225771.96164231983,22045.85648575175,22045.85648575175,0.06375408172607422
256,L2FF,246817.84597850288,246817.84597850288,224932.84986654395,21884.99611195896,21884.99611195896,0.07382869720458984
256,L2FF,239811.6580052157,239811.6580052157,224632.4103436316,15179.247661584055,15179.247661584055,0.06176209449768065
256,L2FF,237002.9728201437,234467.73209529964,224267.9627976178,12735.010022525938,10199.769297681836,0.0617978572845459
256,L2FF,239860.81265400857,239860.81265400857,224632.4103436316,15228.402310376958,15228.402310376958,0.06401300430297853
256,L2FF,235349.67003283388,235349.67003283388,224358.6318072797,10991.038225554135,10991.038225554135,0.07267308235168457
256,L2FF,242212.48017640892,242212.48017640892,224873.02855819228,17339.451618216586,17339.451618216586,0.06465005874633789
256,L2FF,244694.3192640132,244694.3192640132,225771.96164231983,18922.35762169337,18922.35762169337,0.06237888336181641
256,L2FF,239960.67750170836,239960.67750170836,224603.2386145603,15357.43888714802,15357.43888714802,0.06469511985778809
256,L2FF,240724.620132764,236144.59937264762,225606.02383164692,15118.596301117155,10538.575541000726,0.07510781288146973
256,L2FF,243476.82738437344,243476.82738437344,224971.86841904465,18504.95896532884,18504.95896532884,0.06259584426879883
256,L2FF,240504.58672042677,240504.58672042677,224971.86841904465,15532.71830138212,15532.71830138212,0.06261587142944336
256,L2FF,238079.0196983387,237187.7353277563,225238.8604691121,12840.159229226556,11948.87485864418,0.0624997615814209
256,L2FF,242790.9423903736,242790.9423903736,224971.86841904465,17819.073971328966,17819.073971328966,0.07123804092407228
256,L2FF,241745.40524058504,241745.40524058504,224766.25084949454,16979.154391090502,16979.154391090502,0.06174302101135254
256,L2FF,247098.24275574746,247098.24275574746,224632.4103436316,22465.83241211585,22465.83241211585,0.06189417839050292
256,L2FF,238235.28133454107,238235.28133454107,224267.9627976178,13967.318536923238,13967.318536923238,0.06371498107910156
256,L2FF,239695.70538693774,239695.70538693774,224766.25084949454,14929.454537443235,14929.454537443235,0.07235503196716309
256,L2FF,236127.61585997962,235575.09522306398,224594.0629812254,11533.552878754212,10981.032241838606,0.06316804885864258
256,L2FF,246379.86063514586,246379.86063514586,224442.0182914736,21937.842343672262,21937.842343672262,0.061479806900024414
256,L2FF,244449.67772258108,243385.14408538703,224632.4103436316,19817.267378949506,18752.733741755448,0.06474614143371582
256,L2FF,244912.67344396398,244912.67344396398,226377.3288405834,18535.3446033806,18535.3446033806,0.07200407981872559
256,L2FF,248627.8772752893,248627.8772752893,225238.8604691121,23389.016806177184,23389.016806177184,0.06340980529785156
256,L2FF,238478.42298004602,238478.42298004602,225238.8604691121,13239.562510933873,13239.562510933873,0.06300687789916992
256,L2FF,247120.90956737442,247120.90956737442,226377.3288405834,20743.58072679097,20743.58072679097,0.06260895729064941
