size,planner,makespan
4,HEFT,2010869.5652173918
4,HEFT,2010869.5652173918
4,HEFT,2010869.5652173918
4,HEFT,2010869.5652173918
4,HEFT,2010869.5652173918
4,HEFT,2010869.5652173918
4,HEFT,2010869.5652173918
4,HEFT,2010869.5652173918
4,HEFT,2010869.5652173918
4,HEFT,2010869.5652173918
4,HEFT,2010869.5652173918
4,HEFT,2010869.5652173918
4,HEFT,2010869.5652173918
4,HEFT,2010869.5652173918
4,HEFT,2010869.5652173918
4,HEFT,2010869.5652173918
4,HEFT,2010869.5652173918
4,HEFT,2010869.5652173918
4,HEFT,2010869.5652173918
4,HEFT,2010869.5652173918
4,HEFT,2010869.5652173918
4,HEFT,2010869.5652173918
4,HEFT,2010869.5652173918
4,HEFT,2010869.5652173918
4,HEFT,2010869.5652173918
4,HEFT,2010869.5652173918
4,HEFT,2010869.5652173918
4,HEFT,2010869.5652173918
4,HEFT,2010869.5652173918
4,HEFT,2010869.5652173918
4,HEFT,2010869.5652173918
4,HEFT,2010869.5652173918
4,HEFT,2010869.5652173918
4,HEFT,2010869.5652173918
4,HEFT,2010869.5652173918
4,HEFT,2010869.5652173918
4,HEFT,2010869.5652173918
4,HEFT,2010869.5652173918
4,HEFT,2010869.5652173918
4,HEFT,2010869.5652173918
4,HEFT,2010869.5652173918
4,HEFT,2010869.5652173918
4,HEFT,2010869.5652173918
4,HEFT,2010869.5652173918
4,HEFT,2010869.5652173918
4,HEFT,2010869.5652173918
4,HEFT,2010869.5652173918
4,HEFT,2010869.5652173918
4,HEFT,2010869.5652173918
4,HEFT,2010869.5652173918
4,HEFT,2010869.5652173918
4,HEFT,2010869.5652173918
4,HEFT,2010869.5652173918
4,HEFT,2010869.5652173918
4,HEFT,2010869.5652173918
4,HEFT,2010869.5652173918
4,HEFT,2010869.5652173918
4,HEFT,2010869.5652173918
4,HEFT,2010869.5652173918
4,HEFT,2010869.5652173918
4,HEFT,2010869.5652173918
4,HEFT,2010869.5652173918
4,HEFT,2010869.5652173918
4,HEFT,2010869.5652173918
4,HEFT,2010869.5652173918
4,HEFT,2010869.5652173918
4,HEFT,2010869.5652173918
4,HEFT,2010869.5652173918
4,HEFT,2010869.5652173918
4,HEFT,2010869.5652173918
4,HEFT,2010869.5652173918
4,HEFT,2010869.5652173918
4,HEFT,2010869.5652173918
4,HEFT,2010869.5652173918
4,HEFT,2010869.5652173918
4,HEFT,2010869.5652173918
4,HEFT,2010869.5652173918
4,HEFT,2010869.5652173918
4,HEFT,2010869.5652173918
4,HEFT,2010869.5652173918
4,HEFT,2010869.5652173918
4,HEFT,2010869.5652173918
4,HEFT,2010869.5652173918
4,HEFT,2010869.5652173918
4,HEFT,2010869.5652173918
4,HEFT,2010869.5652173918
4,HEFT,2010869.5652173918
4,HEFT,2010869.5652173918
4,HEFT,2010869.5652173918
4,HEFT,2010869.5652173918
4,HEFT,2010869.5652173918
4,HEFT,2010869.5652173918
4,HEFT,2010869.5652173918
4,HEFT,2010869.5652173918
4,HEFT,2010869.5652173918
4,HEFT,2010869.5652173918
4,HEFT,2010869.5652173918
4,HEFT,2010869.5652173918
4,HEFT,2010869.5652173918
4,HEFT,2010869.5652173918
8,HEFT,1025982.1317894188
8,HEFT,1025982.1317894188
8,HEFT,1025982.1317894188
8,HEFT,1025982.1317894188
8,HEFT,1025982.1317894188
8,HEFT,1025982.1317894188
8,HEFT,1025982.1317894188
8,HEFT,1025982.1317894188
8,HEFT,1025982.1317894188
8,HEFT,1025982.1317894188
8,HEFT,1025982.1317894188
8,HEFT,1025982.1317894188
8,HEFT,1025982.1317894188
8,HEFT,1025982.1317894188
8,HEFT,1025982.1317894188
8,HEFT,1025982.1317894188
8,HEFT,1025982.1317894188
8,HEFT,1025982.1317894188
8,HEFT,1025982.1317894188
8,HEFT,1025982.1317894188
8,HEFT,1025982.1317894188
8,HEFT,1025982.1317894188
8,HEFT,1025982.1317894188
8,HEFT,1025982.1317894188
8,HEFT,1025982.1317894188
8,HEFT,1025982.1317894188
8,HEFT,1025982.1317894188
8,HEFT,1025982.1317894188
8,HEFT,1025982.1317894188
8,HEFT,1025982.1317894188
8,HEFT,1025982.1317894188
8,HEFT,1025982.1317894188
8,HEFT,1025982.1317894188
8,HEFT,1025982.1317894188
8,HEFT,1025982.1317894188
8,HEFT,1025982.1317894188
8,HEFT,1025982.1317894188
8,HEFT,1025982.1317894188
8,HEFT,1025982.1317894188
8,HEFT,1025982.1317894188
8,HEFT,1025982.1317894188
8,HEFT,1025982.1317894188
8,HEFT,1025982.1317894188
8,HEFT,1025982.1317894188
8,HEFT,1025982.1317894188
8,HEFT,1025982.1317894188
8,HEFT,1025982.1317894188
8,HEFT,1025982.1317894188
8,HEFT,1025982.1317894188
8,HEFT,1025982.1317894188
8,HEFT,1025982.1317894188
8,HEFT,1025982.1317894188
8,HEFT,1025982.1317894188
8,HEFT,1025982.1317894188
8,HEFT,1025982.1317894188
8,HEFT,1025982.1317894188
8,HEFT,1025982.1317894188
8,HEFT,1025982.1317894188
8,HEFT,1025982.1317894188
8,HEFT,1025982.1317894188
8,HEFT,1025982.1317894188
8,HEFT,1025982.1317894188
8,HEFT,1025982.1317894188
8,HEFT,1025982.1317894188
8,HEFT,1025982.1317894188
8,HEFT,1025982.1317894188
8,HEFT,1025982.1317894188
8,HEFT,1025982.1317894188
8,HEFT,1025982.1317894188
8,HEFT,1025982.1317894188
8,HEFT,1025982.1317894188
8,HEFT,1025982.1317894188
8,HEFT,1025982.1317894188
8,HEFT,1025982.1317894188
8,HEFT,1025982.1317894188
8,HEFT,1025982.1317894188
8,HEFT,1025982.1317894188
8,HEFT,1025982.1317894188
8,HEFT,1025982.1317894188
8,HEFT,1025982.1317894188
8,HEFT,1025982.1317894188
8,HEFT,1025982.1317894188
8,HEFT,1025982.1317894188
8,HEFT,1025982.1317894188
8,HEFT,1025982.1317894188
8,HEFT,1025982.1317894188
8,HEFT,1025982.1317894188
8,HEFT,1025982.1317894188
8,HEFT,1025982.1317894188
8,HEFT,1025982.1317894188
8,HEFT,1025982.1317894188
8,HEFT,1025982.1317894188
8,HEFT,1025982.1317894188
8,HEFT,1025982.1317894188
8,HEFT,1025982.1317894188
8,HEFT,1025982.1317894188
8,HEFT,1025982.1317894188
8,HEFT,1025982.1317894188
8,HEFT,1025982.1317894188
8,HEFT,1025982.1317894188
16,HEFT,507196.29429020593
16,HEFT,507196.29429020593
16,HEFT,507196.29429020593
16,HEFT,507196.29429020593
16,HEFT,507196.29429020593
16,HEFT,507196.29429020593
16,HEFT,507196.29429020593
16,HEFT,507196.29429020593
16,HEFT,507196.29429020593
16,HEFT,507196.29429020593
16,HEFT,507196.29429020593
16,HEFT,507196.29429020593
16,HEFT,507196.29429020593
16,HEFT,507196.29429020593
16,HEFT,507196.29429020593
16,HEFT,507196.29429020593
16,HEFT,507196.29429020593
16,HEFT,507196.29429020593
16,HEFT,507196.29429020593
16,HEFT,507196.29429020593
16,HEFT,507196.29429020593
16,HEFT,507196.29429020593
16,HEFT,507196.29429020593
16,HEFT,507196.29429020593
16,HEFT,507196.29429020593
16,HEFT,507196.29429020593
16,HEFT,507196.29429020593
16,HEFT,507196.29429020593
16,HEFT,507196.29429020593
16,HEFT,507196.29429020593
16,HEFT,507196.29429020593
16,HEFT,507196.29429020593
16,HEFT,507196.29429020593
16,HEFT,507196.29429020593
16,HEFT,507196.29429020593
16,HEFT,507196.29429020593
16,HEFT,507196.29429020593
16,HEFT,507196.29429020593
16,HEFT,507196.29429020593
16,HEFT,507196.29429020593
16,HEFT,507196.29429020593
16,HEFT,507196.29429020593
16,HEFT,507196.29429020593
16,HEFT,507196.29429020593
16,HEFT,507196.29429020593
16,HEFT,507196.29429020593
16,HEFT,507196.29429020593
16,HEFT,507196.29429020593
16,HEFT,507196.29429020593
16,HEFT,507196.29429020593
16,HEFT,507196.29429020593
16,HEFT,507196.29429020593
16,HEFT,507196.29429020593
16,HEFT,507196.29429020593
16,HEFT,507196.29429020593
16,HEFT,507196.29429020593
16,HEFT,507196.29429020593
16,HEFT,507196.29429020593
16,HEFT,507196.29429020593
16,HEFT,507196.29429020593
16,HEFT,507196.29429020593
16,HEFT,507196.29429020593
16,HEFT,507196.29429020593
16,HEFT,507196.29429020593
16,HEFT,507196.29429020593
16,HEFT,507196.29429020593
16,HEFT,507196.29429020593
16,HEFT,507196.29429020593
16,HEFT,507196.29429020593
16,HEFT,507196.29429020593
16,HEFT,507196.29429020593
16,HEFT,507196.29429020593
16,HEFT,507196.29429020593
16,HEFT,507196.29429020593
16,HEFT,507196.29429020593
16,HEFT,507196.29429020593
16,HEFT,507196.29429020593
16,HEFT,507196.29429020593
16,HEFT,507196.29429020593
16,HEFT,507196.29429020593
16,HEFT,507196.29429020593
16,HEFT,507196.29429020593
16,HEFT,507196.29429020593
16,HEFT,507196.29429020593
16,HEFT,507196.29429020593
16,HEFT,507196.29429020593
16,HEFT,507196.29429020593
16,HEFT,507196.29429020593
16,HEFT,507196.29429020593
16,HEFT,507196.29429020593
16,HEFT,507196.29429020593
16,HEFT,507196.29429020593
16,HEFT,507196.29429020593
16,HEFT,507196.29429020593
16,HEFT,507196.29429020593
16,HEFT,507196.29429020593
16,HEFT,507196.29429020593
16,HEFT,507196.29429020593
16,HEFT,507196.29429020593
16,HEFT,507196.29429020593
32,HEFT,255116.69892441487
32,HEFT,255116.69892441487
32,HEFT,255116.69892441487
32,HEFT,255116.69892441487
32,HEFT,255116.69892441487
32,HEFT,255116.69892441487
32,HEFT,255116.69892441487
32,HEFT,255116.69892441487
32,HEFT,255116.69892441487
32,HEFT,255116.69892441487
32,HEFT,255116.69892441487
32,HEFT,255116.69892441487
32,HEFT,255116.69892441487
32,HEFT,255116.69892441487
32,HEFT,255116.69892441487
32,HEFT,255116.69892441487
32,HEFT,255116.69892441487
32,HEFT,255116.69892441487
32,HEFT,255116.69892441487
32,HEFT,255116.69892441487
32,HEFT,255116.69892441487
32,HEFT,255116.69892441487
32,HEFT,255116.69892441487
32,HEFT,255116.69892441487
32,HEFT,255116.69892441487
32,HEFT,255116.69892441487
32,HEFT,255116.69892441487
32,HEFT,255116.69892441487
32,HEFT,255116.69892441487
32,HEFT,255116.69892441487
32,HEFT,255116.69892441487
32,HEFT,255116.69892441487
32,HEFT,255116.69892441487
32,HEFT,255116.69892441487
32,HEFT,255116.69892441487
32,HEFT,255116.69892441487
32,HEFT,255116.69892441487
32,HEFT,255116.69892441487
32,HEFT,255116.69892441487
32,HEFT,255116.69892441487
32,HEFT,255116.69892441487
32,HEFT,255116.69892441487
32,HEFT,255116.69892441487
32,HEFT,255116.69892441487
32,HEFT,255116.69892441487
32,HEFT,255116.69892441487
32,HEFT,255116.69892441487
32,HEFT,255116.69892441487
32,HEFT,255116.69892441487
32,HEFT,255116.69892441487
32,HEFT,255116.69892441487
32,HEFT,255116.69892441487
32,HEFT,255116.69892441487
32,HEFT,255116.69892441487
32,HEFT,255116.69892441487
32,HEFT,255116.69892441487
32,HEFT,255116.69892441487
32,HEFT,255116.69892441487
32,HEFT,255116.69892441487
32,HEFT,255116.69892441487
32,HEFT,255116.69892441487
32,HEFT,255116.69892441487
32,HEFT,255116.69892441487
32,HEFT,255116.69892441487
32,HEFT,255116.69892441487
32,HEFT,255116.69892441487
32,HEFT,255116.69892441487
32,HEFT,255116.69892441487
32,HEFT,255116.69892441487
32,HEFT,255116.69892441487
32,HEFT,255116.69892441487
32,HEFT,255116.69892441487
32,HEFT,255116.69892441487
32,HEFT,255116.69892441487
32,HEFT,255116.69892441487
32,HEFT,255116.69892441487
32,HEFT,255116.69892441487
32,HEFT,255116.69892441487
32,HEFT,255116.69892441487
32,HEFT,255116.69892441487
32,HEFT,255116.69892441487
32,HEFT,255116.69892441487
32,HEFT,255116.69892441487
32,HEFT,255116.69892441487
32,HEFT,255116.69892441487
32,HEFT,255116.69892441487
32,HEFT,255116.69892441487
32,HEFT,255116.69892441487
32,HEFT,255116.69892441487
32,HEFT,255116.69892441487
32,HEFT,255116.69892441487
32,HEFT,255116.69892441487
32,HEFT,255116.69892441487
32,HEFT,255116.69892441487
32,HEFT,255116.69892441487
32,HEFT,255116.69892441487
32,HEFT,255116.69892441487
32,HEFT,255116.69892441487
32,HEFT,255116.69892441487
32,HEFT,255116.69892441487
64,HEFT,129492.8904200244
64,HEFT,129492.8904200244
64,HEFT,129492.8904200244
64,HEFT,129492.8904200244
64,HEFT,129492.8904200244
64,HEFT,129492.8904200244
64,HEFT,129492.8904200244
64,HEFT,129492.8904200244
64,HEFT,129492.8904200244
64,HEFT,129492.8904200244
64,HEFT,129492.8904200244
64,HEFT,129492.8904200244
64,HEFT,129492.8904200244
64,HEFT,129492.8904200244
64,HEFT,129492.8904200244
64,HEFT,129492.8904200244
64,HEFT,129492.8904200244
64,HEFT,129492.8904200244
64,HEFT,129492.8904200244
64,HEFT,129492.8904200244
64,HEFT,129492.8904200244
64,HEFT,129492.8904200244
64,HEFT,129492.8904200244
64,HEFT,129492.8904200244
64,HEFT,129492.8904200244
64,HEFT,129492.8904200244
64,HEFT,129492.8904200244
64,HEFT,129492.8904200244
64,HEFT,129492.8904200244
64,HEFT,129492.8904200244
64,HEFT,129492.8904200244
64,HEFT,129492.8904200244
64,HEFT,129492.8904200244
64,HEFT,129492.8904200244
64,HEFT,129492.8904200244
64,HEFT,129492.8904200244
64,HEFT,129492.8904200244
64,HEFT,129492.8904200244
64,HEFT,129492.8904200244
64,HEFT,129492.8904200244
64,HEFT,129492.8904200244
64,HEFT,129492.8904200244
64,HEFT,129492.8904200244
64,HEFT,129492.8904200244
64,HEFT,129492.8904200244
64,HEFT,129492.8904200244
64,HEFT,129492.8904200244
64,HEFT,129492.8904200244
64,HEFT,129492.8904200244
64,HEFT,129492.8904200244
64,HEFT,129492.8904200244
64,HEFT,129492.8904200244
64,HEFT,129492.8904200244
64,HEFT,129492.8904200244
64,HEFT,129492.8904200244
64,HEFT,129492.8904200244
64,HEFT,129492.8904200244
64,HEFT,129492.8904200244
64,HEFT,129492.8904200244
64,HEFT,129492.8904200244
64,HEFT,129492.8904200244
64,HEFT,129492.8904200244
64,HEFT,129492.8904200244
64,HEFT,129492.8904200244
64,HEFT,129492.8904200244
64,HEFT,129492.8904200244
64,HEFT,129492.8904200244
64,HEFT,129492.8904200244
64,HEFT,129492.8904200244
64,HEFT,129492.8904200244
64,HEFT,129492.8904200244
64,HEFT,129492.8904200244
64,HEFT,129492.8904200244
64,HEFT,129492.8904200244
64,HEFT,129492.8904200244
64,HEFT,129492.8904200244
64,HEFT,129492.8904200244
64,HEFT,129492.8904200244
64,HEFT,129492.8904200244
64,HEFT,129492.8904200244
64,HEFT,129492.8904200244
64,HEFT,129492.8904200244
64,HEFT,129492.8904200244
64,HEFT,129492.8904200244
64,HEFT,129492.8904200244
64,HEFT,129492.8904200244
64,HEFT,129492.8904200244
64,HEFT,129492.8904200244
64,HEFT,129492.8904200244
64,HEFT,129492.8904200244
64,HEFT,129492.8904200244
64,HEFT,129492.8904200244
64,HEFT,129492.8904200244
64,HEFT,129492.8904200244
64,HEFT,129492.8904200244
64,HEFT,129492.8904200244
64,HEFT,129492.8904200244
64,HEFT,129492.8904200244
64,HEFT,129492.8904200244
64,HEFT,129492.8904200244
128,HEFT,66693.21477480183
128,HEFT,66693.21477480183
128,HEFT,66693.21477480183
128,HEFT,66693.21477480183
128,HEFT,66693.21477480183
128,HEFT,66693.21477480183
128,HEFT,66693.21477480183
128,HEFT,66693.21477480183
128,HEFT,66693.21477480183
128,HEFT,66693.21477480183
128,HEFT,66693.21477480183
128,HEFT,66693.21477480183
128,HEFT,66693.21477480183
128,HEFT,66693.21477480183
128,HEFT,66693.21477480183
128,HEFT,66693.21477480183
128,HEFT,66693.21477480183
128,HEFT,66693.21477480183
128,HEFT,66693.21477480183
128,HEFT,66693.21477480183
128,HEFT,66693.21477480183
128,HEFT,66693.21477480183
128,HEFT,66693.21477480183
128,HEFT,66693.21477480183
128,HEFT,66693.21477480183
128,HEFT,66693.21477480183
128,HEFT,66693.21477480183
128,HEFT,66693.21477480183
128,HEFT,66693.21477480183
128,HEFT,66693.21477480183
128,HEFT,66693.21477480183
128,HEFT,66693.21477480183
128,HEFT,66693.21477480183
128,HEFT,66693.21477480183
128,HEFT,66693.21477480183
128,HEFT,66693.21477480183
128,HEFT,66693.21477480183
128,HEFT,66693.21477480183
128,HEFT,66693.21477480183
128,HEFT,66693.21477480183
128,HEFT,66693.21477480183
128,HEFT,66693.21477480183
128,HEFT,66693.21477480183
128,HEFT,66693.21477480183
128,HEFT,66693.21477480183
128,HEFT,66693.21477480183
128,HEFT,66693.21477480183
128,HEFT,66693.21477480183
128,HEFT,66693.21477480183
128,HEFT,66693.21477480183
128,HEFT,66693.21477480183
128,HEFT,66693.21477480183
128,HEFT,66693.21477480183
128,HEFT,66693.21477480183
128,HEFT,66693.21477480183
128,HEFT,66693.21477480183
128,HEFT,66693.21477480183
128,HEFT,66693.21477480183
128,HEFT,66693.21477480183
128,HEFT,66693.21477480183
128,HEFT,66693.21477480183
128,HEFT,66693.21477480183
128,HEFT,66693.21477480183
128,HEFT,66693.21477480183
128,HEFT,66693.21477480183
128,HEFT,66693.21477480183
128,HEFT,66693.21477480183
128,HEFT,66693.21477480183
128,HEFT,66693.21477480183
128,HEFT,66693.21477480183
128,HEFT,66693.21477480183
128,HEFT,66693.21477480183
128,HEFT,66693.21477480183
128,HEFT,66693.21477480183
128,HEFT,66693.21477480183
128,HEFT,66693.21477480183
128,HEFT,66693.21477480183
128,HEFT,66693.21477480183
128,HEFT,66693.21477480183
128,HEFT,66693.21477480183
128,HEFT,66693.21477480183
128,HEFT,66693.21477480183
128,HEFT,66693.21477480183
128,HEFT,66693.21477480183
128,HEFT,66693.21477480183
128,HEFT,66693.21477480183
128,HEFT,66693.21477480183
128,HEFT,66693.21477480183
128,HEFT,66693.21477480183
128,HEFT,66693.21477480183
128,HEFT,66693.21477480183
128,HEFT,66693.21477480183
128,HEFT,66693.21477480183
128,HEFT,66693.21477480183
128,HEFT,66693.21477480183
128,HEFT,66693.21477480183
128,HEFT,66693.21477480183
128,HEFT,66693.21477480183
128,HEFT,66693.21477480183
128,HEFT,66693.21477480183
4,L2FF,14769230.769230815
4,L2FF,14769230.769230815
4,L2FF,14769230.769230815
4,L2FF,14769230.769230815
4,L2FF,14769230.769230815
4,L2FF,14769230.769230815
4,L2FF,14769230.769230815
4,L2FF,14769230.769230815
4,L2FF,14769230.769230815
4,L2FF,14769230.769230815
4,L2FF,14769230.769230815
4,L2FF,14769230.769230815
4,L2FF,14769230.769230815
4,L2FF,14769230.769230815
4,L2FF,14769230.769230815
4,L2FF,14769230.769230815
4,L2FF,14769230.769230815
4,L2FF,14769230.769230815
4,L2FF,14769230.769230815
4,L2FF,14769230.769230815
4,L2FF,14769230.769230815
4,L2FF,14769230.769230815
4,L2FF,14769230.769230815
4,L2FF,14769230.769230815
4,L2FF,14769230.769230815
4,L2FF,14769230.769230815
4,L2FF,14769230.769230815
4,L2FF,14769230.769230815
4,L2FF,14769230.769230815
4,L2FF,14769230.769230815
4,L2FF,14769230.769230815
4,L2FF,14769230.769230815
4,L2FF,14769230.769230815
4,L2FF,14769230.769230815
4,L2FF,14769230.769230815
4,L2FF,14769230.769230815
4,L2FF,14769230.769230815
4,L2FF,14769230.769230815
4,L2FF,14769230.769230815
4,L2FF,14769230.769230815
4,L2FF,14769230.769230815
4,L2FF,14769230.769230815
4,L2FF,14769230.769230815
4,L2FF,14769230.769230815
4,L2FF,14769230.769230815
4,L2FF,14769230.769230815
4,L2FF,14769230.769230815
4,L2FF,14769230.769230815
4,L2FF,14769230.769230815
4,L2FF,14769230.769230815
4,L2FF,14769230.769230815
4,L2FF,14769230.769230815
4,L2FF,14769230.769230815
4,L2FF,14769230.769230815
4,L2FF,14769230.769230815
4,L2FF,14769230.769230815
4,L2FF,14769230.769230815
4,L2FF,14769230.769230815
4,L2FF,14769230.769230815
4,L2FF,14769230.769230815
4,L2FF,14769230.769230815
4,L2FF,14769230.769230815
4,L2FF,14769230.769230815
4,L2FF,14769230.769230815
4,L2FF,14769230.769230815
4,L2FF,14769230.769230815
4,L2FF,14769230.769230815
4,L2FF,14769230.769230815
4,L2FF,14769230.769230815
4,L2FF,14769230.769230815
4,L2FF,14769230.769230815
4,L2FF,14769230.769230815
4,L2FF,14769230.769230815
4,L2FF,14769230.769230815
4,L2FF,14769230.769230815
4,L2FF,14769230.769230815
4,L2FF,14769230.769230815
4,L2FF,14769230.769230815
4,L2FF,14769230.769230815
4,L2FF,14769230.769230815
4,L2FF,14769230.769230815
4,L2FF,14769230.769230815
4,L2FF,14769230.769230815
4,L2FF,14769230.769230815
4,L2FF,14769230.769230815
4,L2FF,14769230.769230815
4,L2FF,14769230.769230815
4,L2FF,14769230.769230815
4,L2FF,14769230.769230815
4,L2FF,14769230.769230815
4,L2FF,14769230.769230815
4,L2FF,14769230.769230815
4,L2FF,14769230.769230815
4,L2FF,14769230.769230815
4,L2FF,14769230.769230815
4,L2FF,14769230.769230815
4,L2FF,14769230.769230815
4,L2FF,14769230.769230815
4,L2FF,14769230.769230815
4,L2FF,14769230.769230815
8,L2FF,7954958.920039624
8,L2FF,7954958.920039624
8,L2FF,7954958.920039624
8,L2FF,7954958.920039624
8,L2FF,7954958.920039624
8,L2FF,7954958.920039624
8,L2FF,7954958.920039624
8,L2FF,7954958.920039624
8,L2FF,7954958.920039624
8,L2FF,7954958.920039624
8,L2FF,7954958.920039624
8,L2FF,7954958.920039624
8,L2FF,7954958.920039624
8,L2FF,7954958.920039624
8,L2FF,7954958.920039624
8,L2FF,7954958.920039624
8,L2FF,7954958.920039624
8,L2FF,7954958.920039624
8,L2FF,7954958.920039624
8,L2FF,7954958.920039624
8,L2FF,7954958.920039624
8,L2FF,7954958.920039624
8,L2FF,7954958.920039624
8,L2FF,7954958.920039624
8,L2FF,7954958.920039624
8,L2FF,7954958.920039624
8,L2FF,7954958.920039624
8,L2FF,7954958.920039624
8,L2FF,7954958.920039624
8,L2FF,7954958.920039624
8,L2FF,7954958.920039624
8,L2FF,7954958.920039624
8,L2FF,7954958.920039624
8,L2FF,7954958.920039624
8,L2FF,7954958.920039624
8,L2FF,7954958.920039624
8,L2FF,7954958.920039624
8,L2FF,7954958.920039624
8,L2FF,7954958.920039624
8,L2FF,7954958.920039624
8,L2FF,7954958.920039624
8,L2FF,7954958.920039624
8,L2FF,7954958.920039624
8,L2FF,7954958.920039624
8,L2FF,7954958.920039624
8,L2FF,7954958.920039624
8,L2FF,7954958.920039624
8,L2FF,7954958.920039624
8,L2FF,7954958.920039624
8,L2FF,7954958.920039624
8,L2FF,7954958.920039624
8,L2FF,7954958.920039624
8,L2FF,7954958.920039624
8,L2FF,7954958.920039624
8,L2FF,7954958.920039624
8,L2FF,7954958.920039624
8,L2FF,7954958.920039624
8,L2FF,7954958.920039624
8,L2FF,7954958.920039624
8,L2FF,7954958.920039624
8,L2FF,7954958.920039624
8,L2FF,7954958.920039624
8,L2FF,7954958.920039624
8,L2FF,7954958.920039624
8,L2FF,7954958.920039624
8,L2FF,7954958.920039624
8,L2FF,7954958.920039624
8,L2FF,7954958.920039624
8,L2FF,7954958.920039624
8,L2FF,7954958.920039624
8,L2FF,7954958.920039624
8,L2FF,7954958.920039624
8,L2FF,7954958.920039624
8,L2FF,7954958.920039624
8,L2FF,7954958.920039624
8,L2FF,7954958.920039624
8,L2FF,7954958.920039624
8,L2FF,7954958.920039624
8,L2FF,7954958.920039624
8,L2FF,7954958.920039624
8,L2FF,7954958.920039624
8,L2FF,7954958.920039624
8,L2FF,7954958.920039624
8,L2FF,7954958.920039624
8,L2FF,7954958.920039624
8,L2FF,7954958.920039624
8,L2FF,7954958.920039624
8,L2FF,7954958.920039624
8,L2FF,7954958.920039624
8,L2FF,7954958.920039624
8,L2FF,7954958.920039624
8,L2FF,7954958.920039624
8,L2FF,7954958.920039624
8,L2FF,7954958.920039624
8,L2FF,7954958.920039624
8,L2FF,7954958.920039624
8,L2FF,7954958.920039624
8,L2FF,7954958.920039624
8,L2FF,7954958.920039624
8,L2FF,7954958.920039624
16,L2FF,3977479.460019799
16,L2FF,3977479.460019799
16,L2FF,3977479.460019799
16,L2FF,3977479.460019799
16,L2FF,3977479.460019799
16,L2FF,3977479.460019799
16,L2FF,3977479.460019799
16,L2FF,3977479.460019799
16,L2FF,3977479.460019799
16,L2FF,3977479.460019799
16,L2FF,3977479.460019799
16,L2FF,3977479.460019799
16,L2FF,3977479.460019799
16,L2FF,3977479.460019799
16,L2FF,3977479.460019799
16,L2FF,3977479.460019799
16,L2FF,3977479.460019799
16,L2FF,3977479.460019799
16,L2FF,3977479.460019799
16,L2FF,3977479.460019799
16,L2FF,3977479.460019799
16,L2FF,3977479.460019799
16,L2FF,3977479.460019799
16,L2FF,3977479.460019799
16,L2FF,3977479.460019799
16,L2FF,3977479.460019799
16,L2FF,3977479.460019799
16,L2FF,3977479.460019799
16,L2FF,3977479.460019799
16,L2FF,3977479.460019799
16,L2FF,3977479.460019799
16,L2FF,3977479.460019799
16,L2FF,3977479.460019799
16,L2FF,3977479.460019799
16,L2FF,3977479.460019799
16,L2FF,3977479.460019799
16,L2FF,3977479.460019799
16,L2FF,3977479.460019799
16,L2FF,3977479.460019799
16,L2FF,3977479.460019799
16,L2FF,3977479.460019799
16,L2FF,3977479.460019799
16,L2FF,3977479.460019799
16,L2FF,3977479.460019799
16,L2FF,3977479.460019799
16,L2FF,3977479.460019799
16,L2FF,3977479.460019799
16,L2FF,3977479.460019799
16,L2FF,3977479.460019799
16,L2FF,3977479.460019799
16,L2FF,3977479.460019799
16,L2FF,3977479.460019799
16,L2FF,3977479.460019799
16,L2FF,3977479.460019799
16,L2FF,3977479.460019799
16,L2FF,3977479.460019799
16,L2FF,3977479.460019799
16,L2FF,3977479.460019799
16,L2FF,3977479.460019799
16,L2FF,3977479.460019799
16,L2FF,3977479.460019799
16,L2FF,3977479.460019799
16,L2FF,3977479.460019799
16,L2FF,3977479.460019799
16,L2FF,3977479.460019799
16,L2FF,3977479.460019799
16,L2FF,3977479.460019799
16,L2FF,3977479.460019799
16,L2FF,3977479.460019799
16,L2FF,3977479.460019799
16,L2FF,3977479.460019799
16,L2FF,3977479.460019799
16,L2FF,3977479.460019799
16,L2FF,3977479.460019799
16,L2FF,3977479.460019799
16,L2FF,3977479.460019799
16,L2FF,3977479.460019799
16,L2FF,3977479.460019799
16,L2FF,3977479.460019799
16,L2FF,3977479.460019799
16,L2FF,3977479.460019799
16,L2FF,3977479.460019799
16,L2FF,3977479.460019799
16,L2FF,3977479.460019799
16,L2FF,3977479.460019799
16,L2FF,3977479.460019799
16,L2FF,3977479.460019799
16,L2FF,3977479.460019799
16,L2FF,3977479.460019799
16,L2FF,3977479.460019799
16,L2FF,3977479.460019799
16,L2FF,3977479.460019799
16,L2FF,3977479.460019799
16,L2FF,3977479.460019799
16,L2FF,3977479.460019799
16,L2FF,3977479.460019799
16,L2FF,3977479.460019799
16,L2FF,3977479.460019799
16,L2FF,3977479.460019799
16,L2FF,3977479.460019799
32,L2FF,1988739.7300099004
32,L2FF,1988739.7300099004
32,L2FF,1988739.7300099004
32,L2FF,1988739.7300099004
32,L2FF,1988739.7300099004
32,L2FF,1988739.7300099004
32,L2FF,1988739.7300099004
32,L2FF,1988739.7300099004
32,L2FF,1988739.7300099004
32,L2FF,1988739.7300099004
32,L2FF,1988739.7300099004
32,L2FF,1988739.7300099004
32,L2FF,1988739.7300099004
32,L2FF,1988739.7300099004
32,L2FF,1988739.7300099004
32,L2FF,1988739.7300099004
32,L2FF,1988739.7300099004
32,L2FF,1988739.7300099004
32,L2FF,1988739.7300099004
32,L2FF,1988739.7300099004
32,L2FF,1988739.7300099004
32,L2FF,1988739.7300099004
32,L2FF,1988739.7300099004
32,L2FF,1988739.7300099004
32,L2FF,1988739.7300099004
32,L2FF,1988739.7300099004
32,L2FF,1988739.7300099004
32,L2FF,1988739.7300099004
32,L2FF,1988739.7300099004
32,L2FF,1988739.7300099004
32,L2FF,1988739.7300099004
32,L2FF,1988739.7300099004
32,L2FF,1988739.7300099004
32,L2FF,1988739.7300099004
32,L2FF,1988739.7300099004
32,L2FF,1988739.7300099004
32,L2FF,1988739.7300099004
32,L2FF,1988739.7300099004
32,L2FF,1988739.7300099004
32,L2FF,1988739.7300099004
32,L2FF,1988739.7300099004
32,L2FF,1988739.7300099004
32,L2FF,1988739.7300099004
32,L2FF,1988739.7300099004
32,L2FF,1988739.7300099004
32,L2FF,1988739.7300099004
32,L2FF,1988739.7300099004
32,L2FF,1988739.7300099004
32,L2FF,1988739.7300099004
32,L2FF,1988739.7300099004
32,L2FF,1988739.7300099004
32,L2FF,1988739.7300099004
32,L2FF,1988739.7300099004
32,L2FF,1988739.7300099004
32,L2FF,1988739.7300099004
32,L2FF,1988739.7300099004
32,L2FF,1988739.7300099004
32,L2FF,1988739.7300099004
32,L2FF,1988739.7300099004
32,L2FF,1988739.7300099004
32,L2FF,1988739.7300099004
32,L2FF,1988739.7300099004
32,L2FF,1988739.7300099004
32,L2FF,1988739.7300099004
32,L2FF,1988739.7300099004
32,L2FF,1988739.7300099004
32,L2FF,1988739.7300099004
32,L2FF,1988739.7300099004
32,L2FF,1988739.7300099004
32,L2FF,1988739.7300099004
32,L2FF,1988739.7300099004
32,L2FF,1988739.7300099004
32,L2FF,1988739.7300099004
32,L2FF,1988739.7300099004
32,L2FF,1988739.7300099004
32,L2FF,1988739.7300099004
32,L2FF,1988739.7300099004
32,L2FF,1988739.7300099004
32,L2FF,1988739.7300099004
32,L2FF,1988739.7300099004
32,L2FF,1988739.7300099004
32,L2FF,1988739.7300099004
32,L2FF,1988739.7300099004
32,L2FF,1988739.7300099004
32,L2FF,1988739.7300099004
32,L2FF,1988739.7300099004
32,L2FF,1988739.7300099004
32,L2FF,1988739.7300099004
32,L2FF,1988739.7300099004
32,L2FF,1988739.7300099004
32,L2FF,1988739.7300099004
32,L2FF,1988739.7300099004
32,L2FF,1988739.7300099004
32,L2FF,1988739.7300099004
32,L2FF,1988739.7300099004
32,L2FF,1988739.7300099004
32,L2FF,1988739.7300099004
32,L2FF,1988739.7300099004
32,L2FF,1988739.7300099004
32,L2FF,1988739.7300099004
64,L2FF,1036728.9231567795
64,L2FF,1036728.9231567795
64,L2FF,1036728.9231567795
64,L2FF,1036728.9231567795
64,L2FF,1036728.9231567795
64,L2FF,1036728.9231567795
64,L2FF,1036728.9231567795
64,L2FF,1036728.9231567795
64,L2FF,1036728.9231567795
64,L2FF,1036728.9231567795
64,L2FF,1036728.9231567795
64,L2FF,1036728.9231567795
64,L2FF,1036728.9231567795
64,L2FF,1036728.9231567795
64,L2FF,1036728.9231567795
64,L2FF,1036728.9231567795
64,L2FF,1036728.9231567795
64,L2FF,1036728.9231567795
64,L2FF,1036728.9231567795
64,L2FF,1036728.9231567795
64,L2FF,1036728.9231567795
64,L2FF,1036728.9231567795
64,L2FF,1036728.9231567795
64,L2FF,1036728.9231567795
64,L2FF,1036728.9231567795
64,L2FF,1036728.9231567795
64,L2FF,1036728.9231567795
64,L2FF,1036728.9231567795
64,L2FF,1036728.9231567795
64,L2FF,1036728.9231567795
64,L2FF,1036728.9231567795
64,L2FF,1036728.9231567795
64,L2FF,1036728.9231567795
64,L2FF,1036728.9231567795
64,L2FF,1036728.9231567795
64,L2FF,1036728.9231567795
64,L2FF,1036728.9231567795
64,L2FF,1036728.9231567795
64,L2FF,1036728.9231567795
64,L2FF,1036728.9231567795
64,L2FF,1036728.9231567795
64,L2FF,1036728.9231567795
64,L2FF,1036728.9231567795
64,L2FF,1036728.9231567795
64,L2FF,1036728.9231567795
64,L2FF,1036728.9231567795
64,L2FF,1036728.9231567795
64,L2FF,1036728.9231567795
64,L2FF,1036728.9231567795
64,L2FF,1036728.9231567795
64,L2FF,1036728.9231567795
64,L2FF,1036728.9231567795
64,L2FF,1036728.9231567795
64,L2FF,1036728.9231567795
64,L2FF,1036728.9231567795
64,L2FF,1036728.9231567795
64,L2FF,1036728.9231567795
64,L2FF,1036728.9231567795
64,L2FF,1036728.9231567795
64,L2FF,1036728.9231567795
64,L2FF,1036728.9231567795
64,L2FF,1036728.9231567795
64,L2FF,1036728.9231567795
64,L2FF,1036728.9231567795
64,L2FF,1036728.9231567795
64,L2FF,1036728.9231567795
64,L2FF,1036728.9231567795
64,L2FF,1036728.9231567795
64,L2FF,1036728.9231567795
64,L2FF,1036728.9231567795
64,L2FF,1036728.9231567795
64,L2FF,1036728.9231567795
64,L2FF,1036728.9231567795
64,L2FF,1036728.9231567795
64,L2FF,1036728.9231567795
64,L2FF,1036728.9231567795
64,L2FF,1036728.9231567795
64,L2FF,1036728.9231567795
64,L2FF,1036728.9231567795
64,L2FF,1036728.9231567795
64,L2FF,1036728.9231567795
64,L2FF,1036728.9231567795
64,L2FF,1036728.9231567795
64,L2FF,1036728.9231567795
64,L2FF,1036728.9231567795
64,L2FF,1036728.9231567795
64,L2FF,1036728.9231567795
64,L2FF,1036728.9231567795
64,L2FF,1036728.9231567795
64,L2FF,1036728.9231567795
64,L2FF,1036728.9231567795
64,L2FF,1036728.9231567795
64,L2FF,1036728.9231567795
64,L2FF,1036728.9231567795
64,L2FF,1036728.9231567795
64,L2FF,1036728.9231567795
64,L2FF,1036728.9231567795
64,L2FF,1036728.9231567795
64,L2FF,1036728.9231567795
64,L2FF,1036728.9231567795
128,L2FF,559746.5711760343
128,L2FF,559746.5711760343
128,L2FF,559746.5711760343
128,L2FF,559746.5711760343
128,L2FF,559746.5711760343
128,L2FF,559746.5711760343
128,L2FF,559746.5711760343
128,L2FF,559746.5711760343
128,L2FF,559746.5711760343
128,L2FF,559746.5711760343
128,L2FF,559746.5711760343
128,L2FF,559746.5711760343
128,L2FF,559746.5711760343
128,L2FF,559746.5711760343
128,L2FF,559746.5711760343
128,L2FF,559746.5711760343
128,L2FF,559746.5711760343
128,L2FF,559746.5711760343
128,L2FF,559746.5711760343
128,L2FF,559746.5711760343
128,L2FF,559746.5711760343
128,L2FF,559746.5711760343
128,L2FF,559746.5711760343
128,L2FF,559746.5711760343
128,L2FF,559746.5711760343
128,L2FF,559746.5711760343
128,L2FF,559746.5711760343
128,L2FF,559746.5711760343
128,L2FF,559746.5711760343
128,L2FF,559746.5711760343
128,L2FF,559746.5711760343
128,L2FF,559746.5711760343
128,L2FF,559746.5711760343
128,L2FF,559746.5711760343
128,L2FF,559746.5711760343
128,L2FF,559746.5711760343
128,L2FF,559746.5711760343
128,L2FF,559746.5711760343
128,L2FF,559746.5711760343
128,L2FF,559746.5711760343
128,L2FF,559746.5711760343
128,L2FF,559746.5711760343
128,L2FF,559746.5711760343
128,L2FF,559746.5711760343
128,L2FF,559746.5711760343
128,L2FF,559746.5711760343
128,L2FF,559746.5711760343
128,L2FF,559746.5711760343
128,L2FF,559746.5711760343
128,L2FF,559746.5711760343
128,L2FF,559746.5711760343
128,L2FF,559746.5711760343
128,L2FF,559746.5711760343
128,L2FF,559746.5711760343
128,L2FF,559746.5711760343
128,L2FF,559746.5711760343
128,L2FF,559746.5711760343
128,L2FF,559746.5711760343
128,L2FF,559746.5711760343
128,L2FF,559746.5711760343
128,L2FF,559746.5711760343
128,L2FF,559746.5711760343
128,L2FF,559746.5711760343
128,L2FF,559746.5711760343
128,L2FF,559746.5711760343
128,L2FF,559746.5711760343
128,L2FF,559746.5711760343
128,L2FF,559746.5711760343
128,L2FF,559746.5711760343
128,L2FF,559746.5711760343
128,L2FF,559746.5711760343
128,L2FF,559746.5711760343
128,L2FF,559746.5711760343
128,L2FF,559746.5711760343
128,L2FF,559746.5711760343
128,L2FF,559746.5711760343
128,L2FF,559746.5711760343
128,L2FF,559746.5711760343
128,L2FF,559746.5711760343
128,L2FF,559746.5711760343
128,L2FF,559746.5711760343
128,L2FF,559746.5711760343
128,L2FF,559746.5711760343
128,L2FF,559746.5711760343
128,L2FF,559746.5711760343
128,L2FF,559746.5711760343
128,L2FF,559746.5711760343
128,L2FF,559746.5711760343
128,L2FF,559746.5711760343
128,L2FF,559746.5711760343
128,L2FF,559746.5711760343
128,L2FF,559746.5711760343
128,L2FF,559746.5711760343
128,L2FF,559746.5711760343
128,L2FF,559746.5711760343
128,L2FF,559746.5711760343
128,L2FF,559746.5711760343
128,L2FF,559746.5711760343
128,L2FF,559746.5711760343
128,L2FF,559746.5711760343
4,RANDOM,14250000.000000045
4,RANDOM,13730769.230769273
4,RANDOM,15519230.76923082
4,RANDOM,13788461.53846158
4,RANDOM,13846153.846153887
4,RANDOM,15576923.076923128
4,RANDOM,12980769.23076927
4,RANDOM,13153846.153846193
4,RANDOM,14942307.69230774
4,RANDOM,15173076.923076972
4,RANDOM,12980769.23076927
4,RANDOM,13961538.461538505
4,RANDOM,15461538.461538512
4,RANDOM,14423076.923076967
4,RANDOM,13903846.153846195
4,RANDOM,12519230.769230805
4,RANDOM,14307692.307692353
4,RANDOM,12750000.000000035
4,RANDOM,14538461.538461585
4,RANDOM,14826923.076923124
4,RANDOM,14653846.1538462
4,RANDOM,14596153.846153893
4,RANDOM,15807692.30769236
4,RANDOM,14076923.07692312
4,RANDOM,15461538.461538512
4,RANDOM,15461538.461538512
4,RANDOM,15807692.30769236
4,RANDOM,14769230.769230815
4,RANDOM,15576923.076923128
4,RANDOM,13903846.153846195
4,RANDOM,14192307.692307735
4,RANDOM,14826923.076923124
4,RANDOM,13788461.53846158
4,RANDOM,14653846.1538462
4,RANDOM,14653846.1538462
4,RANDOM,14826923.076923124
4,RANDOM,15173076.923076972
4,RANDOM,14942307.69230774
4,RANDOM,14884615.384615432
4,RANDOM,15000000.000000048
4,RANDOM,15750000.000000052
4,RANDOM,15519230.76923082
4,RANDOM,15865384.615384668
4,RANDOM,14884615.384615432
4,RANDOM,15403846.153846204
4,RANDOM,15346153.846153894
4,RANDOM,14769230.769230815
4,RANDOM,11538461.53846157
4,RANDOM,15230769.23076928
4,RANDOM,13615384.615384655
4,RANDOM,14884615.384615432
4,RANDOM,15115384.615384664
4,RANDOM,14307692.307692353
4,RANDOM,13557692.307692347
4,RANDOM,14769230.769230815
4,RANDOM,12865384.615384653
4,RANDOM,13846153.846153887
4,RANDOM,14076923.07692312
4,RANDOM,16384615.38461544
4,RANDOM,14596153.846153893
4,RANDOM,14019230.769230813
4,RANDOM,16269230.769230826
4,RANDOM,14480769.230769275
4,RANDOM,14134615.384615427
4,RANDOM,16038461.538461592
4,RANDOM,15288461.538461588
4,RANDOM,14596153.846153893
4,RANDOM,13038461.538461575
4,RANDOM,12807692.307692345
4,RANDOM,16038461.538461592
4,RANDOM,16038461.538461592
4,RANDOM,13615384.615384655
4,RANDOM,14423076.923076967
4,RANDOM,14076923.07692312
4,RANDOM,13788461.53846158
4,RANDOM,14538461.538461585
4,RANDOM,15634615.384615434
4,RANDOM,15519230.76923082
4,RANDOM,15173076.923076972
4,RANDOM,14884615.384615432
4,RANDOM,14711538.461538507
4,RANDOM,13730769.230769273
4,RANDOM,15461538.461538512
4,RANDOM,14596153.846153893
4,RANDOM,15057692.307692355
4,RANDOM,15000000.000000048
4,RANDOM,13615384.615384655
4,RANDOM,15750000.000000052
4,RANDOM,14653846.1538462
4,RANDOM,14250000.000000045
4,RANDOM,13500000.00000004
4,RANDOM,14250000.000000045
4,RANDOM,16096153.8461539
4,RANDOM,16096153.8461539
4,RANDOM,15000000.000000048
4,RANDOM,15403846.153846204
4,RANDOM,14480769.230769275
4,RANDOM,14653846.1538462
4,RANDOM,14653846.1538462
4,RANDOM,15634615.384615434
8,RANDOM,6795743.5836686
8,RANDOM,7326923.076923087
8,RANDOM,7127243.270676823
8,RANDOM,7096153.846153855
8,RANDOM,7500000.000000011
8,RANDOM,8307692.307692323
8,RANDOM,7734992.696858569
8,RANDOM,7788461.538461551
8,RANDOM,7442307.692307702
8,RANDOM,7403493.009850345
8,RANDOM,7458742.957685049
8,RANDOM,7071993.32284212
8,RANDOM,7403493.009850345
8,RANDOM,7269230.769230778
8,RANDOM,7292993.1141809365
8,RANDOM,7458742.957685049
8,RANDOM,8618991.862213833
8,RANDOM,7615384.615384627
8,RANDOM,7513992.905519753
8,RANDOM,8423076.923076939
8,RANDOM,8192307.692307708
8,RANDOM,6519493.84449508
8,RANDOM,7673076.923076935
8,RANDOM,7673076.923076935
8,RANDOM,7788461.538461551
8,RANDOM,7016743.375007416
8,RANDOM,7903846.153846168
8,RANDOM,7955992.488197385
8,RANDOM,8563741.91437913
8,RANDOM,7730769.230769242
8,RANDOM,7211538.461538471
8,RANDOM,7292993.1141809365
8,RANDOM,7615384.615384627
8,RANDOM,7442307.692307702
8,RANDOM,7615384.615384627
8,RANDOM,7846153.846153859
8,RANDOM,6576923.0769230835
8,RANDOM,7788461.538461551
8,RANDOM,7903846.153846168
8,RANDOM,6750000.000000007
8,RANDOM,7730769.230769242
8,RANDOM,8076923.076923091
8,RANDOM,7673076.923076935
8,RANDOM,8121742.331701498
8,RANDOM,7348243.0620156415
8,RANDOM,7846153.846153859
8,RANDOM,7955992.488197385
8,RANDOM,6692307.6923077
8,RANDOM,6961493.427172712
8,RANDOM,7458742.957685049
8,RANDOM,6961493.427172712
8,RANDOM,8134615.384615399
8,RANDOM,7096153.846153855
8,RANDOM,8307692.307692323
8,RANDOM,7269230.769230778
8,RANDOM,7557692.307692319
8,RANDOM,9057692.307692327
8,RANDOM,8011242.4360320885
8,RANDOM,7900742.540362681
8,RANDOM,7384615.384615395
8,RANDOM,7500000.000000011
8,RANDOM,7845492.592527977
8,RANDOM,7326923.076923087
8,RANDOM,6980769.230769238
8,RANDOM,6685243.687999193
8,RANDOM,7846153.846153859
8,RANDOM,7961538.461538475
8,RANDOM,7211538.461538471
8,RANDOM,8307692.307692323
8,RANDOM,8250000.000000015
8,RANDOM,7500000.000000011
8,RANDOM,8011242.4360320885
8,RANDOM,8019230.769230782
8,RANDOM,7624492.801189161
8,RANDOM,7237743.166346232
8,RANDOM,7038461.538461547
8,RANDOM,8066492.3838667935
8,RANDOM,7846153.846153859
8,RANDOM,7384615.384615395
8,RANDOM,8121742.331701498
8,RANDOM,7384615.384615395
8,RANDOM,8250000.000000015
8,RANDOM,7730769.230769242
8,RANDOM,7730769.230769242
8,RANDOM,7211538.461538471
8,RANDOM,7788461.538461551
8,RANDOM,7557692.307692319
8,RANDOM,7500000.000000011
8,RANDOM,7513992.905519753
8,RANDOM,7384615.384615395
8,RANDOM,7500000.000000011
8,RANDOM,6980769.230769238
8,RANDOM,7673076.923076935
8,RANDOM,7846153.846153859
8,RANDOM,7326923.076923087
8,RANDOM,8674241.810048537
8,RANDOM,7788461.538461551
8,RANDOM,6980769.230769238
8,RANDOM,7730769.230769242
8,RANDOM,8066492.3838667935
16,RANDOM,4041565.964794348
16,RANDOM,3985433.1041722037
16,RANDOM,3922746.2962639886
16,RANDOM,4153831.686038636
16,RANDOM,4585745.670280437
16,RANDOM,4038461.538461534
16,RANDOM,3839089.02962894
16,RANDOM,4088496.1397681013
16,RANDOM,3424104.4979507662
16,RANDOM,3749999.9999999963
16,RANDOM,3760901.661683629
16,RANDOM,4211538.461538456
16,RANDOM,3873167.382927917
16,RANDOM,4211538.461538456
16,RANDOM,3648635.940439341
16,RANDOM,4041565.964794348
16,RANDOM,4269230.769230763
16,RANDOM,3923076.923076919
16,RANDOM,3560894.172409452
16,RANDOM,4364745.878941622
16,RANDOM,3648635.940439341
16,RANDOM,4096153.846153842
16,RANDOM,3461538.4615384587
16,RANDOM,3760901.661683629
16,RANDOM,4322230.267905066
16,RANDOM,3865384.6153846113
16,RANDOM,4088496.1397681013
16,RANDOM,4339839.77262402
16,RANDOM,4384615.38461538
16,RANDOM,3812246.4005945805
16,RANDOM,3727811.086741145
16,RANDOM,3760901.661683629
16,RANDOM,4038461.538461534
16,RANDOM,3749999.9999999963
16,RANDOM,4097698.825416492
16,RANDOM,3923076.923076919
16,RANDOM,3865384.6153846113
16,RANDOM,4088496.1397681013
16,RANDOM,3591246.6092557637
16,RANDOM,4088496.1397681013
16,RANDOM,3560894.172409452
16,RANDOM,4434495.9891493535
16,RANDOM,4228561.829736223
16,RANDOM,3950366.972516735
16,RANDOM,4033246.1919333967
16,RANDOM,4378363.128527209
16,RANDOM,3873167.382927917
16,RANDOM,3873167.382927917
16,RANDOM,4378363.128527209
16,RANDOM,4322230.267905066
16,RANDOM,4033246.1919333967
16,RANDOM,3701746.504925172
16,RANDOM,4228561.829736223
16,RANDOM,3592503.0798171973
16,RANDOM,4254245.9832722135
16,RANDOM,3692307.6923076888
16,RANDOM,4041565.964794348
16,RANDOM,4395478.7440679185
16,RANDOM,4364745.878941622
16,RANDOM,3929300.24355006
16,RANDOM,3985433.1041722037
16,RANDOM,4378363.128527209
16,RANDOM,4096153.846153842
16,RANDOM,4096153.846153842
16,RANDOM,3701746.504925172
16,RANDOM,4618034.62984351
16,RANDOM,3817034.5223057726
16,RANDOM,3692307.6923076888
16,RANDOM,4096153.846153842
16,RANDOM,3701746.504925172
16,RANDOM,3701746.504925172
16,RANDOM,4546761.710393638
16,RANDOM,4061644.9154045293
16,RANDOM,4618034.62984351
16,RANDOM,3591246.6092557637
16,RANDOM,4172922.858292325
16,RANDOM,3929300.24355006
16,RANDOM,4364745.878941622
16,RANDOM,4395478.7440679185
16,RANDOM,4546761.710393638
16,RANDOM,4615384.615384612
16,RANDOM,4143746.087602805
16,RANDOM,3812246.4005945805
16,RANDOM,4209964.546660779
16,RANDOM,4557692.307692303
16,RANDOM,3536370.219195053
16,RANDOM,3535996.66142106
16,RANDOM,3950366.972516735
16,RANDOM,4322230.267905066
16,RANDOM,3749999.9999999963
16,RANDOM,4339839.77262402
16,RANDOM,3985433.1041722037
16,RANDOM,3894728.0010728375
16,RANDOM,4434495.9891493535
16,RANDOM,4326923.076923072
16,RANDOM,4269230.769230763
16,RANDOM,3929300.24355006
16,RANDOM,3812246.4005945805
16,RANDOM,3867496.348429285
16,RANDOM,3817034.5223057726
32,RANDOM,2227076.268620744
32,RANDOM,2288939.498304653
32,RANDOM,2220129.059984602
32,RANDOM,2350802.727988563
32,RANDOM,2365384.615384616
32,RANDOM,2134615.384615386
32,RANDOM,2598255.6467242013
32,RANDOM,2608891.1200861083
32,RANDOM,2549598.1400841507
32,RANDOM,2041486.5795690157
32,RANDOM,2504760.9907518583
32,RANDOM,2163202.673831151
32,RANDOM,2417751.258355188
32,RANDOM,2423076.923076924
32,RANDOM,2076923.0769230784
32,RANDOM,1979623.3498851056
32,RANDOM,2603732.1243825103
32,RANDOM,2192307.692307693
32,RANDOM,2265247.8612228665
32,RANDOM,2281197.829199808
32,RANDOM,2220129.059984602
32,RANDOM,2058641.9434242172
32,RANDOM,2103349.8092529248
32,RANDOM,2618613.76305876
32,RANDOM,2392475.7720876033
32,RANDOM,2288939.498304653
32,RANDOM,2413713.0067521767
32,RANDOM,2106276.2876777
32,RANDOM,2134547.280070451
32,RANDOM,2103349.8092529248
32,RANDOM,2615031.657863193
32,RANDOM,2670670.629307091
32,RANDOM,2608891.1200861083
32,RANDOM,2480769.230769231
32,RANDOM,2541738.502373403
32,RANDOM,2371719.20007828
32,RANDOM,2293764.014336973
32,RANDOM,1983795.9042914363
32,RANDOM,2336836.8006437053
32,RANDOM,2193840.2600724082
32,RANDOM,2423076.923076924
32,RANDOM,2333981.8322915044
32,RANDOM,2479744.880364296
32,RANDOM,2163202.673831151
32,RANDOM,2783845.33577593
32,RANDOM,2225558.85775591
32,RANDOM,2355757.636346081
32,RANDOM,2020782.98239717
32,RANDOM,2660118.876408111
32,RANDOM,2253133.2400743654
32,RANDOM,3083234.9601017656
32,RANDOM,2479744.880364296
32,RANDOM,2253133.2400743654
32,RANDOM,2231770.392327866
32,RANDOM,2277055.446138053
32,RANDOM,2169919.886312013
32,RANDOM,2225558.85775591
32,RANDOM,2312426.2200763226
32,RANDOM,2837587.543638784
32,RANDOM,2099498.0177187542
32,RANDOM,2163202.673831151
32,RANDOM,2469845.8673743205
32,RANDOM,2786770.06009198
32,RANDOM,2541738.502373403
32,RANDOM,2390908.2184449555
32,RANDOM,2154747.9655534583
32,RANDOM,2412665.957672473
32,RANDOM,2169776.7703187587
32,RANDOM,2336836.8006437053
32,RANDOM,2474529.1873563817
32,RANDOM,2474529.1873563817
32,RANDOM,2448114.7435315005
32,RANDOM,2134615.384615386
32,RANDOM,2312426.2200763226
32,RANDOM,2163202.673831151
32,RANDOM,2134615.384615386
32,RANDOM,2231770.392327866
32,RANDOM,2412665.957672473
32,RANDOM,2694377.309862896
32,RANDOM,2447834.6045984067
32,RANDOM,2355757.636346081
32,RANDOM,2525978.7279964644
32,RANDOM,2163202.673831151
32,RANDOM,2355757.636346081
32,RANDOM,2320497.8090575705
32,RANDOM,2227076.268620744
32,RANDOM,2076923.0769230784
32,RANDOM,2365384.615384616
32,RANDOM,2447834.6045984067
32,RANDOM,2582111.588618608
32,RANDOM,2336836.8006437053
32,RANDOM,2245314.424885745
32,RANDOM,2412665.957672473
32,RANDOM,2169776.7703187587
32,RANDOM,2412665.957672473
32,RANDOM,2220129.059984602
32,RANDOM,2413713.0067521767
32,RANDOM,2165213.0389368343
32,RANDOM,2711538.461538461
32,RANDOM,2665725.7463916177
64,RANDOM,1363859.6842003623
64,RANDOM,1074240.7299309284
64,RANDOM,1300396.6730742822
64,RANDOM,1384615.3846153852
64,RANDOM,1546580.7420977391
64,RANDOM,1122657.2124428723
64,RANDOM,1299127.8233621006
64,RANDOM,1311981.7611533313
64,RANDOM,1442307.6923076932
64,RANDOM,1422854.2827299198
64,RANDOM,1237264.5936781908
64,RANDOM,1269230.7692307695
64,RANDOM,1427625.6097548432
64,RANDOM,1178790.073065016
64,RANDOM,1177150.6123884562
64,RANDOM,1484717.512413829
64,RANDOM,1557692.3076923084
64,RANDOM,1487846.9282185773
64,RANDOM,1471438.265485571
64,RANDOM,1546580.7420977391
64,RANDOM,1309306.88152938
64,RANDOM,1471438.265485571
64,RANDOM,1301866.0621912552
64,RANDOM,1422854.2827299198
64,RANDOM,1360991.0530460102
64,RANDOM,1195454.1092224773
64,RANDOM,1446613.2575413415
64,RANDOM,1400477.2191195877
64,RANDOM,1118293.081769033
64,RANDOM,1657498.4350411217
64,RANDOM,1225417.5667296392
64,RANDOM,1363859.6842003623
64,RANDOM,1019993.5664215549
64,RANDOM,1549840.5502276847
64,RANDOM,1541617.4800508819
64,RANDOM,1317808.2551583166
64,RANDOM,1187318.701502605
64,RANDOM,1326097.775720777
64,RANDOM,1237264.5936781908
64,RANDOM,1660203.4400547957
64,RANDOM,1412580.734866148
64,RANDOM,1211538.461538462
64,RANDOM,1301866.0621912552
64,RANDOM,1403321.5155535904
64,RANDOM,1549840.5502276847
64,RANDOM,1660203.4400547957
64,RANDOM,1487846.9282185773
64,RANDOM,1202649.9477238872
64,RANDOM,1458830.4365829038
64,RANDOM,1515587.2367978776
64,RANDOM,1530295.7961049937
64,RANDOM,1303325.1126497649
64,RANDOM,1234922.9336871596
64,RANDOM,1360991.0530460102
64,RANDOM,1359991.4218954071
64,RANDOM,1360991.0530460102
64,RANDOM,1381248.6958676013
64,RANDOM,1225417.5667296392
64,RANDOM,1458830.4365829038
64,RANDOM,1423159.6538362831
64,RANDOM,1113538.134310372
64,RANDOM,1546998.5393717138
64,RANDOM,1243857.6872884438
64,RANDOM,1279696.343209648
64,RANDOM,1215498.852363489
64,RANDOM,1269230.7692307695
64,RANDOM,1546998.5393717138
64,RANDOM,1122657.2124428723
64,RANDOM,1195454.1092224773
64,RANDOM,1301866.0621912552
64,RANDOM,1285767.9610483912
64,RANDOM,1291055.7943093032
64,RANDOM,1130779.7157167671
64,RANDOM,1471438.265485571
64,RANDOM,1422854.2827299198
64,RANDOM,1530295.7961049937
64,RANDOM,1130779.7157167671
64,RANDOM,1366647.667868053
64,RANDOM,1236008.1430078791
64,RANDOM,1583091.6020034745
64,RANDOM,1541617.4800508819
64,RANDOM,1400477.2191195877
64,RANDOM,1423031.520046968
64,RANDOM,1234922.9336871596
64,RANDOM,1175401.3639942815
64,RANDOM,1436605.9236975082
64,RANDOM,1279696.343209648
64,RANDOM,1299127.8233621006
64,RANDOM,1412580.734866148
64,RANDOM,1326097.775720777
64,RANDOM,1246658.8034041228
64,RANDOM,1353723.204246725
64,RANDOM,1363738.5400450109
64,RANDOM,1363859.6842003623
64,RANDOM,1153082.223263527
64,RANDOM,1363738.5400450109
64,RANDOM,1243857.6872884438
64,RANDOM,1778789.4000587098
64,RANDOM,1360991.0530460102
64,RANDOM,1413474.6446459591
128,RANDOM,830101.7200273984
128,RANDOM,771460.7766290347
128,RANDOM,994573.3317905826
128,RANDOM,880972.6572925899
128,RANDOM,815117.3799605323
128,RANDOM,945883.2404510364
128,RANDOM,784505.0534023213
128,RANDOM,784564.8427032739
128,RANDOM,719184.4391446677
128,RANDOM,849972.1163963388
128,RANDOM,1007980.6600332696
128,RANDOM,680495.5265230051
128,RANDOM,1081601.3369155743
128,RANDOM,782120.1173696133
128,RANDOM,728547.5283397189
128,RANDOM,838781.818574235
128,RANDOM,784564.8427032739
128,RANDOM,729727.188087867
128,RANDOM,1111523.6999461805
128,RANDOM,746776.2483052694
128,RANDOM,768721.4821756847
128,RANDOM,789259.8223680288
128,RANDOM,784505.0534023213
128,RANDOM,844851.5959717304
128,RANDOM,867910.7081275034
128,RANDOM,962609.3752241394
128,RANDOM,889218.9599569443
128,RANDOM,768530.1328664672
128,RANDOM,761805.1868810755
128,RANDOM,889218.9599569443
128,RANDOM,723306.6287706705
128,RANDOM,906660.9479302708
128,RANDOM,828811.1098254855
128,RANDOM,706290.3674330736
128,RANDOM,754955.1485315581
128,RANDOM,962609.3752241394
128,RANDOM,963327.2571759128
128,RANDOM,856576.1917175205
128,RANDOM,880972.6572925899
128,RANDOM,815117.3799605323
128,RANDOM,789259.8223680288
128,RANDOM,796969.4061483181
128,RANDOM,724158.5108329118
128,RANDOM,815117.3799605323
128,RANDOM,718302.9618487541
128,RANDOM,679995.7109477032
128,RANDOM,890223.5431023636
128,RANDOM,849972.1163963388
128,RANDOM,742358.7562069147
128,RANDOM,962609.3752241394
128,RANDOM,844851.5959717304
128,RANDOM,765147.8980524964
128,RANDOM,782077.0262528056
128,RANDOM,815117.3799605323
128,RANDOM,890223.5431023636
128,RANDOM,963320.5399533564
128,RANDOM,1093335.8392088786
128,RANDOM,718249.3218511525
128,RANDOM,820405.5858719273
128,RANDOM,815117.3799605323
128,RANDOM,768721.4821756847
128,RANDOM,815117.3799605323
128,RANDOM,1037422.1199497684
128,RANDOM,915325.6498204862
128,RANDOM,889218.9599569443
128,RANDOM,813028.6214955242
128,RANDOM,920703.8645969505
128,RANDOM,963320.5399533564
128,RANDOM,902446.2892726308
128,RANDOM,856576.1917175205
128,RANDOM,647432.8368136508
128,RANDOM,991897.9521457182
128,RANDOM,690527.8984477129
128,RANDOM,824005.4286719193
128,RANDOM,830101.7200273984
128,RANDOM,1007980.6600332696
128,RANDOM,889218.9599569443
128,RANDOM,663811.9682635025
128,RANDOM,820405.5858719273
128,RANDOM,670351.7367881191
128,RANDOM,683116.6338414155
128,RANDOM,816945.0444864263
128,RANDOM,867910.7081275034
128,RANDOM,962609.3752241394
128,RANDOM,1000578.0205301876
128,RANDOM,663811.9682635025
128,RANDOM,844851.5959717304
128,RANDOM,791545.8010017369
128,RANDOM,1185625.2799425924
128,RANDOM,915325.6498204862
128,RANDOM,841592.0402894897
128,RANDOM,742358.7562069147
128,RANDOM,1059435.5511496104
128,RANDOM,822891.4950709703
128,RANDOM,768721.4821756847
128,RANDOM,813028.6214955242
128,RANDOM,941720.4899107649
128,RANDOM,984616.4993270122
128,RANDOM,805917.0861183959
128,RANDOM,815117.3799605323
4,GA,12865384.615384653
4,GA,13788461.53846158
4,GA,13153846.153846193
4,GA,13500000.00000004
4,GA,13500000.00000004
4,GA,14019230.769230813
4,GA,13038461.538461575
4,GA,13788461.53846158
4,GA,13442307.692307733
4,GA,13384615.384615425
4,GA,13038461.538461575
4,GA,12980769.23076927
4,GA,13903846.153846195
4,GA,12692307.69230773
4,GA,12980769.23076927
4,GA,13269230.769230807
4,GA,13211538.4615385
4,GA,13269230.769230807
4,GA,13500000.00000004
4,GA,13442307.692307733
4,GA,12980769.23076927
4,GA,13038461.538461575
4,GA,13442307.692307733
4,GA,13153846.153846193
4,GA,13673076.923076965
4,GA,13096153.846153885
4,GA,13326923.076923115
4,GA,12923076.92307696
4,GA,13788461.53846158
4,GA,12980769.23076927
4,GA,13269230.769230807
4,GA,12692307.69230773
4,GA,13615384.615384655
4,GA,13153846.153846193
4,GA,13211538.4615385
4,GA,13384615.384615425
4,GA,13442307.692307733
4,GA,13673076.923076965
4,GA,13269230.769230807
4,GA,13326923.076923115
4,GA,12923076.92307696
4,GA,13096153.846153885
4,GA,13269230.769230807
4,GA,13211538.4615385
4,GA,13846153.846153887
4,GA,13903846.153846195
4,GA,13384615.384615425
4,GA,13442307.692307733
4,GA,13211538.4615385
4,GA,13096153.846153885
4,GA,12980769.23076927
4,GA,12807692.307692345
4,GA,13153846.153846193
4,GA,13961538.461538505
4,GA,13442307.692307733
4,GA,13500000.00000004
4,GA,13442307.692307733
4,GA,12519230.769230805
4,GA,13269230.769230807
4,GA,12807692.307692345
4,GA,13673076.923076965
4,GA,13326923.076923115
4,GA,13615384.615384655
4,GA,13269230.769230807
4,GA,12750000.000000035
4,GA,13442307.692307733
4,GA,13384615.384615425
4,GA,12923076.92307696
4,GA,13326923.076923115
4,GA,13038461.538461575
4,GA,13326923.076923115
4,GA,13384615.384615425
4,GA,13903846.153846195
4,GA,13961538.461538505
4,GA,13615384.615384655
4,GA,12519230.769230805
4,GA,12634615.38461542
4,GA,13730769.230769273
4,GA,13326923.076923115
4,GA,13557692.307692347
4,GA,12980769.23076927
4,GA,13384615.384615425
4,GA,13673076.923076965
4,GA,13096153.846153885
4,GA,13326923.076923115
4,GA,13557692.307692347
4,GA,13615384.615384655
4,GA,13557692.307692347
4,GA,13153846.153846193
4,GA,13269230.769230807
4,GA,13211538.4615385
4,GA,12634615.38461542
4,GA,13038461.538461575
4,GA,13442307.692307733
4,GA,13557692.307692347
4,GA,12865384.615384653
4,GA,13846153.846153887
4,GA,13442307.692307733
4,GA,13269230.769230807
4,GA,12980769.23076927
8,GA,7500000.000000011
8,GA,7545177.704595925
8,GA,6634615.384615392
8,GA,7326923.076923087
8,GA,7846153.846153859
8,GA,7413957.2227768665
8,GA,8135669.872781694
8,GA,7085906.018229216
8,GA,7479567.463686395
8,GA,7676398.186414985
8,GA,6980769.230769238
8,GA,7730769.230769242
8,GA,7348346.981867337
8,GA,7442307.692307702
8,GA,7269230.769230778
8,GA,7217126.500048276
8,GA,7673076.923076935
8,GA,7545177.704595925
8,GA,7742008.427324515
8,GA,7673076.923076935
8,GA,8594941.559148403
8,GA,7938839.150053103
8,GA,7676398.186414985
8,GA,7610787.945505455
8,GA,7676398.186414985
8,GA,7413957.2227768665
8,GA,7676398.186414985
8,GA,7610787.945505455
8,GA,6923076.923076931
8,GA,7610787.945505455
8,GA,7413957.2227768665
8,GA,7217126.500048276
8,GA,7807618.668234045
8,GA,7348346.981867337
8,GA,7676398.186414985
8,GA,7479567.463686395
8,GA,6692307.6923077
8,GA,7938839.150053103
8,GA,7020295.777319687
8,GA,7807618.668234045
8,GA,7807618.668234045
8,GA,8004449.390962633
8,GA,7500000.000000011
8,GA,7873228.909143575
8,GA,7938839.150053103
8,GA,7545177.704595925
8,GA,8398110.836419813
8,GA,7673076.923076935
8,GA,8201280.113691224
8,GA,7217126.500048276
8,GA,8398110.836419813
8,GA,7442307.692307702
8,GA,6364193.368224387
8,GA,7545177.704595925
8,GA,7742008.427324515
8,GA,7348346.981867337
8,GA,7211538.461538471
8,GA,8135669.872781694
8,GA,7807618.668234045
8,GA,7676398.186414985
8,GA,7610787.945505455
8,GA,7326923.076923087
8,GA,7807618.668234045
8,GA,7846153.846153859
8,GA,7348346.981867337
8,GA,7676398.186414985
8,GA,8135669.872781694
8,GA,7326923.076923087
8,GA,7413957.2227768665
8,GA,6823465.054591098
8,GA,8332500.5955102835
8,GA,7938839.150053103
8,GA,7151516.259138746
8,GA,7153846.153846162
8,GA,8266890.354600754
8,GA,8004449.390962633
8,GA,7282736.740957806
8,GA,8004449.390962633
8,GA,8250000.000000015
8,GA,7545177.704595925
8,GA,7020295.777319687
8,GA,7545177.704595925
8,GA,7384615.384615395
8,GA,7269230.769230778
8,GA,7348346.981867337
8,GA,7153846.153846162
8,GA,7610787.945505455
8,GA,6889075.295500628
8,GA,6807692.307692315
8,GA,7217126.500048276
8,GA,6634615.384615392
8,GA,8266890.354600754
8,GA,7151516.259138746
8,GA,7151516.259138746
8,GA,8266890.354600754
8,GA,7676398.186414985
8,GA,7269230.769230778
8,GA,7742008.427324515
8,GA,7610787.945505455
8,GA,7217126.500048276
16,GA,3749999.9999999963
16,GA,3576923.0769230737
16,GA,4473666.9778853785
16,GA,4133445.1773003736
16,GA,4199055.418209903
16,GA,3411492.5638864683
16,GA,4527106.622757552
16,GA,4146325.4916986427
16,GA,4058499.7742787283
16,GA,3882043.2623535674
16,GA,3214901.804566956
16,GA,4002224.695481314
16,GA,4067834.9363908437
16,GA,4002224.695481314
16,GA,4211538.461538456
16,GA,3882043.2623535674
16,GA,4461496.381848021
16,GA,4264665.659119433
16,GA,4330275.900028964
16,GA,3805393.972752724
16,GA,3437085.604960718
16,GA,3346122.286386016
16,GA,4199055.418209903
16,GA,4133445.1773003736
16,GA,3587949.07581163
16,GA,3999680.936970341
16,GA,3709870.176782997
16,GA,4395886.1409384925
16,GA,3871004.2136622537
16,GA,4002224.695481314
16,GA,3519230.769230766
16,GA,3923076.923076919
16,GA,3749999.9999999963
16,GA,3871004.2136622537
16,GA,3940862.0996619537
16,GA,3764427.0911474526
16,GA,3823224.4250451787
16,GA,4067834.9363908437
16,GA,3980769.2307692254
16,GA,3805393.972752724
16,GA,3807692.307692304
16,GA,3923076.923076919
16,GA,4330275.900028964
16,GA,3807692.307692304
16,GA,4067834.9363908437
16,GA,4461496.381848021
16,GA,3477342.768205075
16,GA,4592716.863667082
16,GA,4352593.960820665
16,GA,4002224.695481314
16,GA,3587949.07581163
16,GA,3519230.769230766
16,GA,3655313.262418541
16,GA,3865384.6153846113
16,GA,3823224.4250451787
16,GA,3882043.2623535674
16,GA,3674173.490933665
16,GA,4002224.695481314
16,GA,3739783.7318431945
16,GA,4117318.611587116
16,GA,4176137.4488955033
16,GA,3542953.009114605
16,GA,3805393.972752724
16,GA,3764427.0911474526
16,GA,3461538.4615384587
16,GA,4199055.418209903
16,GA,4587869.310054214
16,GA,4058499.7742787283
16,GA,4199055.418209903
16,GA,4146325.4916986427
16,GA,3327971.7762318067
16,GA,3293854.8892696938
16,GA,3805393.972752724
16,GA,3705586.750428405
16,GA,4038461.538461534
16,GA,4176137.4488955033
16,GA,3739783.7318431945
16,GA,3705586.750428405
16,GA,3529130.2385032433
16,GA,3936614.4545717835
16,GA,3749999.9999999963
16,GA,4264665.659119433
16,GA,4199055.418209903
16,GA,3692307.6923076888
16,GA,4200882.406063098
16,GA,3692307.6923076888
16,GA,3823224.4250451787
16,GA,4133445.1773003736
16,GA,3709870.176782997
16,GA,3999680.936970341
16,GA,3674173.490933665
16,GA,4002224.695481314
16,GA,3807692.307692304
16,GA,4133445.1773003736
16,GA,4002224.695481314
16,GA,4133445.1773003736
16,GA,3823224.4250451787
16,GA,4176137.4488955033
16,GA,3542953.009114605
16,GA,4067834.9363908437
32,GA,2029430.1528722
32,GA,2058659.305793561
32,GA,1860310.973466183
32,GA,2165137.950014478
32,GA,2083107.4276810156
32,GA,2427578.913652597
32,GA,1967379.2372542918
32,GA,2142176.2724762107
32,GA,2095589.048710593
32,GA,1909492.002755957
32,GA,1854935.088391501
32,GA,2182276.5745782363
32,GA,2345947.3176716035
32,GA,2558799.3954716567
32,GA,2230748.190924008
32,GA,2296358.4318335373
32,GA,2095589.048710593
32,GA,2230748.190924008
32,GA,2099527.709104948
32,GA,2493189.1545621273
32,GA,1973057.0930701941
32,GA,1999840.468485173
32,GA,1916684.0332681888
32,GA,2165137.950014478
32,GA,1882202.7938683985
32,GA,2104622.672577351
32,GA,2058659.305793561
32,GA,2083107.4276810156
32,GA,2427578.913652597
32,GA,1968307.2272858887
32,GA,2029430.1528722
32,GA,1909515.142040931
32,GA,2198549.3322782163
32,GA,1941021.631176786
32,GA,2361968.672743068
32,GA,1909492.002755957
32,GA,2083107.4276810156
32,GA,1894160.405319616
32,GA,2033917.4681954184
32,GA,2262469.3730206518
32,GA,1961538.461538463
32,GA,1909515.142040931
32,GA,1938419.8700572988
32,GA,2025243.3324676538
32,GA,2230748.190924008
32,GA,1882202.7938683985
32,GA,1691191.7940601662
32,GA,2033917.4681954184
32,GA,1903846.153846155
32,GA,2019230.7692307704
32,GA,2018605.8314848687
32,GA,2165137.950014478
32,GA,2099527.709104948
32,GA,1837086.745466829
32,GA,2033917.4681954184
32,GA,2033917.4681954184
32,GA,1973057.0930701941
32,GA,2230748.190924008
32,GA,2058659.305793561
32,GA,2192307.692307693
32,GA,2018605.8314848687
32,GA,2076923.0769230784
32,GA,1909492.002755957
32,GA,2230748.190924008
32,GA,1938419.8700572988
32,GA,2296358.4318335373
32,GA,1902696.9863763591
32,GA,1968307.2272858887
32,GA,2372427.903747823
32,GA,2361968.672743068
32,GA,1903846.153846155
32,GA,1860310.973466183
32,GA,2058659.305793561
32,GA,1967379.2372542918
32,GA,2018605.8314848687
32,GA,2127719.660213781
32,GA,1894160.405319616
32,GA,2176296.980410336
32,GA,1903846.153846155
32,GA,2134615.384615386
32,GA,2192307.692307693
32,GA,2361968.672743068
32,GA,1964048.917120413
32,GA,2165137.950014478
32,GA,2140971.522894377
32,GA,2230748.190924008
32,GA,2165137.950014478
32,GA,2076923.0769230784
32,GA,2073162.7458493246
32,GA,1909492.002755957
32,GA,2235115.8177187233
32,GA,2099527.709104948
32,GA,1788929.2716907484
32,GA,1909515.142040931
32,GA,1882202.7938683985
32,GA,2018605.8314848687
32,GA,2019230.7692307704
32,GA,2134615.384615386
32,GA,2361968.672743068
32,GA,2099527.709104948
64,GA,1145695.2016535732
64,GA,1157281.9042672305
64,GA,1157281.9042672305
64,GA,1273077.5797966162
64,GA,1312204.8181905926
64,GA,1200240.7591489174
64,GA,1357270.9850299559
64,GA,1080216.6832340257
64,GA,1110494.4422972368
64,GA,1320264.8350638093
64,GA,1357270.9850299559
64,GA,1328428.7789182083
64,GA,1110494.4422972368
64,GA,1142025.5277295592
64,GA,1159651.1936626541
64,GA,1180984.336371533
64,GA,1269230.7692307695
64,GA,1546201.591550205
64,GA,1071088.1362381056
64,GA,1200240.7591489174
64,GA,1459179.8099517878
64,GA,1080216.6832340257
64,GA,1384615.3846153852
64,GA,1205409.4082210418
64,GA,1217726.3806750241
64,GA,1115374.0954620035
64,GA,1162375.181553432
64,GA,1357270.9850299559
64,GA,1080216.6832340257
64,GA,1509035.5409191812
64,GA,1215145.999480592
64,GA,1067031.428655415
64,GA,1141966.807788355
64,GA,1352926.3926064295
64,GA,1295576.8493467765
64,GA,1320264.8350638093
64,GA,1096153.8461538465
64,GA,1200240.7591489174
64,GA,1268852.0086537285
64,GA,1157281.9042672305
64,GA,1087643.3597424373
64,GA,1139534.4946449294
64,GA,1246594.577281063
64,GA,1224076.259977246
64,GA,1117557.908859361
64,GA,1320264.8350638093
64,GA,1096153.8461538465
64,GA,1224076.259977246
64,GA,1211538.461538462
64,GA,1377815.0591001222
64,GA,1199509.9943630835
64,GA,1468318.535652291
64,GA,1162375.181553432
64,GA,1204963.7030085905
64,GA,1295576.8493467765
64,GA,1362132.881661885
64,GA,1172188.5779804166
64,GA,1127461.1960401114
64,GA,1224076.259977246
64,GA,1414522.6078796496
64,GA,1211538.461538462
64,GA,1145695.2016535732
64,GA,1443425.3000096518
64,GA,1268852.0086537285
64,GA,1095226.1273480623
64,GA,1268852.0086537285
64,GA,1123190.9775320159
64,GA,1480659.256396316
64,GA,1123190.9775320159
64,GA,1196407.6957166812
64,GA,1411652.0954012985
64,GA,1067031.428655415
64,GA,1224076.259977246
64,GA,1246594.577281063
64,GA,1157281.9042672305
64,GA,1140228.7211914714
64,GA,1403988.72191502
64,GA,1352953.435248133
64,GA,1159651.1936626541
64,GA,1259485.4940812376
64,GA,1268852.0086537285
64,GA,1200240.7591489174
64,GA,1499387.4929538541
64,GA,1240207.3156441222
64,GA,1403988.72191502
64,GA,1159651.1936626541
64,GA,1332294.6090864148
64,GA,1211538.461538462
64,GA,1204963.7030085905
64,GA,1233882.7136635964
64,GA,1288501.3262918377
64,GA,1546201.591550205
64,GA,1259485.4940812376
64,GA,1504466.4755473996
64,GA,1383779.9780398004
64,GA,1224076.259977246
64,GA,1439411.9932356996
64,GA,1269230.7692307695
64,GA,1224076.259977246
64,GA,1332294.6090864148
128,GA,721712.6500048259
128,GA,656102.4090952963
128,GA,719278.2539939856
128,GA,660132.4175319046
128,GA,721712.6500048259
128,GA,778625.1499980256
128,GA,824753.8056249231
128,GA,644250.663145919
128,GA,701751.5554259644
128,GA,697868.6047595504
128,GA,780156.4934467962
128,GA,687404.5888649158
128,GA,945934.9409185451
128,GA,715170.9746157277
128,GA,726947.726689972
128,GA,924496.8557810716
128,GA,780156.4934467962
128,GA,701751.5554259644
128,GA,874878.5676462565
128,GA,699188.6061242361
128,GA,649710.7573130339
128,GA,780456.8022454304
128,GA,901950.9284042866
128,GA,723009.0678553096
128,GA,780456.8022454304
128,GA,882282.5596258113
128,GA,739792.3280269295
128,GA,720144.4554893505
128,GA,694369.1425603381
128,GA,749895.9151253627
128,GA,705826.047700649
128,GA,761311.2051922369
128,GA,760230.8517114614
128,GA,923076.9230769231
128,GA,740329.628198158
128,GA,823463.7223174238
128,GA,852933.1318238851
128,GA,824753.8056249231
128,GA,764644.8850090364
128,GA,815732.519806828
128,GA,709239.8867379263
128,GA,767839.9859154037
128,GA,801441.6886958403
128,GA,807692.3076923076
128,GA,818710.1479969585
128,GA,733456.167048707
128,GA,666368.7494658077
128,GA,740329.628198158
128,GA,687404.5888649158
128,GA,749895.9151253627
128,GA,699188.6061242361
128,GA,656102.4090952963
128,GA,720421.6636111665
128,GA,721712.6500048259
128,GA,720421.6636111665
128,GA,873985.7576552952
128,GA,720144.4554893505
128,GA,643490.184820878
128,GA,863717.8995645175
128,GA,925412.0352476974
128,GA,740329.628198158
128,GA,708775.3716142188
128,GA,740329.628198158
128,GA,721712.6500048259
128,GA,667392.9857125934
128,GA,767839.9859154037
128,GA,735727.1762699796
128,GA,824753.8056249231
128,GA,852933.1318238851
128,GA,752507.2413355022
128,GA,687404.5888649158
128,GA,666368.7494658077
128,GA,721712.6500048259
128,GA,719705.9966178503
128,GA,647007.2103922615
128,GA,773100.7957751028
128,GA,721712.6500048259
128,GA,815720.0404782755
128,GA,773100.7957751028
128,GA,719278.2539939856
128,GA,556160.8214271611
128,GA,752507.2413355022
128,GA,708675.7294605109
128,GA,634426.004326864
128,GA,779681.4963360046
128,GA,708675.7294605109
128,GA,726947.726689972
128,GA,705826.047700649
128,GA,836537.2402671413
128,GA,773100.7957751028
128,GA,901950.9284042866
128,GA,841388.5738714936
128,GA,636505.0473469766
128,GA,837525.8620896947
128,GA,694622.068925079
128,GA,834241.2321407419
128,GA,694369.1425603381
128,GA,634426.004326864
128,GA,739792.3280269295
128,GA,708775.3716142188
4,GA-25,10153846.153846178
4,GA-25,10442307.692307718
4,GA-25,9634615.384615406
4,GA-25,10326923.076923102
4,GA-25,9634615.384615406
4,GA-25,10211538.461538486
4,GA-25,9403846.153846174
4,GA-25,9923076.923076946
4,GA-25,10269230.769230794
4,GA-25,10326923.076923102
4,GA-25,10096153.84615387
4,GA-25,9173076.923076944
4,GA-25,9519230.76923079
4,GA-25,9865384.615384638
4,GA-25,9807692.30769233
4,GA-25,10038461.538461562
4,GA-25,10269230.769230794
4,GA-25,9807692.30769233
4,GA-25,9519230.76923079
4,GA-25,9807692.30769233
4,GA-25,9000000.000000019
4,GA-25,10211538.461538486
4,GA-25,9692307.692307714
4,GA-25,9173076.923076944
4,GA-25,10269230.769230794
4,GA-25,10211538.461538486
4,GA-25,9692307.692307714
4,GA-25,9576923.076923098
4,GA-25,10500000.000000026
4,GA-25,9288461.53846156
4,GA-25,9692307.692307714
4,GA-25,10326923.076923102
4,GA-25,9865384.615384638
4,GA-25,9865384.615384638
4,GA-25,10269230.769230794
4,GA-25,9346153.846153866
4,GA-25,9923076.923076946
4,GA-25,9807692.30769233
4,GA-25,9923076.923076946
4,GA-25,9461538.461538482
4,GA-25,9807692.30769233
4,GA-25,9692307.692307714
4,GA-25,9692307.692307714
4,GA-25,9346153.846153866
4,GA-25,9865384.615384638
4,GA-25,9461538.461538482
4,GA-25,9403846.153846174
4,GA-25,9288461.53846156
4,GA-25,10038461.538461562
4,GA-25,10326923.076923102
4,GA-25,9923076.923076946
4,GA-25,9865384.615384638
4,GA-25,10269230.769230794
4,GA-25,9634615.384615406
4,GA-25,9403846.153846174
4,GA-25,10096153.84615387
4,GA-25,9750000.000000022
4,GA-25,9576923.076923098
4,GA-25,9692307.692307714
4,GA-25,9923076.923076946
4,GA-25,9807692.30769233
4,GA-25,9057692.307692327
4,GA-25,10557692.307692334
4,GA-25,9230769.23076925
4,GA-25,9750000.000000022
4,GA-25,9692307.692307714
4,GA-25,9403846.153846174
4,GA-25,9461538.461538482
4,GA-25,9750000.000000022
4,GA-25,10442307.692307718
4,GA-25,9173076.923076944
4,GA-25,10038461.538461562
4,GA-25,9807692.30769233
4,GA-25,9230769.23076925
4,GA-25,9288461.53846156
4,GA-25,9923076.923076946
4,GA-25,9692307.692307714
4,GA-25,9807692.30769233
4,GA-25,9807692.30769233
4,GA-25,9230769.23076925
4,GA-25,9865384.615384638
4,GA-25,9403846.153846174
4,GA-25,10442307.692307718
4,GA-25,9230769.23076925
4,GA-25,9807692.30769233
4,GA-25,9750000.000000022
4,GA-25,9576923.076923098
4,GA-25,9923076.923076946
4,GA-25,9346153.846153866
4,GA-25,10269230.769230794
4,GA-25,9692307.692307714
4,GA-25,9807692.30769233
4,GA-25,10269230.769230794
4,GA-25,9923076.923076946
4,GA-25,10153846.153846178
4,GA-25,9634615.384615406
4,GA-25,10153846.153846178
4,GA-25,9750000.000000022
4,GA-25,9576923.076923098
4,GA-25,10038461.538461562
8,GA-25,4673076.92307692
8,GA-25,4903846.153846152
8,GA-25,4897648.7536510015
8,GA-25,5250000.0
8,GA-25,5076923.076923076
8,GA-25,4788461.538461536
8,GA-25,4841993.654177694
8,GA-25,5019230.769230768
8,GA-25,5019230.769230768
8,GA-25,5454199.74838407
8,GA-25,5342889.549437456
8,GA-25,5676820.146277297
8,GA-25,4846153.846153844
8,GA-25,4730769.230769228
8,GA-25,5076923.076923076
8,GA-25,5287234.449964149
8,GA-25,5192307.692307692
8,GA-25,5250000.0
8,GA-25,5134615.384615384
8,GA-25,5192307.692307692
8,GA-25,4846153.846153844
8,GA-25,4961538.46153846
8,GA-25,4846153.846153844
8,GA-25,5064614.052070921
8,GA-25,5307692.307692308
8,GA-25,5231579.350490842
8,GA-25,5120269.151544228
8,GA-25,4841993.654177694
8,GA-25,5342889.549437456
8,GA-25,4730769.230769228
8,GA-25,5175924.251017535
8,GA-25,5019230.769230768
8,GA-25,4897648.7536510015
8,GA-25,4841993.654177694
8,GA-25,5019230.769230768
8,GA-25,4903846.153846152
8,GA-25,5250000.0
8,GA-25,5423076.923076924
8,GA-25,5732475.245750604
8,GA-25,5120269.151544228
8,GA-25,5250000.0
8,GA-25,5064614.052070921
8,GA-25,5120269.151544228
8,GA-25,5192307.692307692
8,GA-25,5365384.615384616
8,GA-25,5192307.692307692
8,GA-25,4903846.153846152
8,GA-25,5342889.549437456
8,GA-25,5398544.648910763
8,GA-25,5019230.769230768
8,GA-25,4903846.153846152
8,GA-25,5653846.153846156
8,GA-25,5287234.449964149
8,GA-25,4557692.307692303
8,GA-25,5287234.449964149
8,GA-25,4841993.654177694
8,GA-25,5019230.769230768
8,GA-25,5019230.769230768
8,GA-25,5134615.384615384
8,GA-25,5454199.74838407
8,GA-25,5064614.052070921
8,GA-25,5064614.052070921
8,GA-25,5231579.350490842
8,GA-25,5120269.151544228
8,GA-25,5596153.846153848
8,GA-25,4953303.853124308
8,GA-25,5565509.9473306835
8,GA-25,5287234.449964149
8,GA-25,5250000.0
8,GA-25,4675028.355757773
8,GA-25,4961538.46153846
8,GA-25,4615384.615384612
8,GA-25,4846153.846153844
8,GA-25,5596153.846153848
8,GA-25,4961538.46153846
8,GA-25,4619373.256284466
8,GA-25,5398544.648910763
8,GA-25,5250000.0
8,GA-25,5064614.052070921
8,GA-25,5480769.230769232
8,GA-25,5307692.307692308
8,GA-25,5076923.076923076
8,GA-25,4897648.7536510015
8,GA-25,5596153.846153848
8,GA-25,5942307.692307697
8,GA-25,5134615.384615384
8,GA-25,4846153.846153844
8,GA-25,4961538.46153846
8,GA-25,4953303.853124308
8,GA-25,5008958.952597613
8,GA-25,5064614.052070921
8,GA-25,4786338.554704387
8,GA-25,4786338.554704387
8,GA-25,5287234.449964149
8,GA-25,5175924.251017535
8,GA-25,5175924.251017535
8,GA-25,5231579.350490842
8,GA-25,5134615.384615384
8,GA-25,5596153.846153848
8,GA-25,5192307.692307692
16,GA-25,2716298.141764529
16,GA-25,2782754.9736653385
16,GA-25,2423076.923076924
16,GA-25,2504479.476298804
16,GA-25,2494559.5179470167
16,GA-25,2365384.615384616
16,GA-25,2938036.7655820423
16,GA-25,2771732.797718908
16,GA-25,2399750.883492051
16,GA-25,2480769.230769231
16,GA-25,2727099.874192032
16,GA-25,2605428.829855773
16,GA-25,3104340.733445177
16,GA-25,2782754.9736653385
16,GA-25,2653846.153846153
16,GA-25,2596153.846153846
16,GA-25,2399750.883492051
16,GA-25,2942307.692307691
16,GA-25,2827167.4536732864
16,GA-25,2494559.5179470167
16,GA-25,2790408.004060525
16,GA-25,2902024.324222946
16,GA-25,2826923.076923076
16,GA-25,2734599.8439793144
16,GA-25,2383690.2060382604
16,GA-25,3288461.538461536
16,GA-25,3116685.57050518
16,GA-25,2480769.230769231
16,GA-25,2727099.874192032
16,GA-25,2560134.575772111
16,GA-25,2846216.1641417355
16,GA-25,2511367.2036544727
16,GA-25,3159775.389399555
16,GA-25,2711538.461538461
16,GA-25,3104340.733445177
16,GA-25,2337514.177878883
16,GA-25,3173076.923076921
16,GA-25,2480769.230769231
16,GA-25,2549994.173901395
16,GA-25,2827167.4536732864
16,GA-25,2790408.004060525
16,GA-25,2771732.797718908
16,GA-25,3061030.471031873
16,GA-25,2949720.2720852587
16,GA-25,2337514.177878883
16,GA-25,2902024.324222946
16,GA-25,2771732.797718908
16,GA-25,2782754.9736653385
16,GA-25,3069448.8044665777
16,GA-25,3181065.124628999
16,GA-25,2653846.153846153
16,GA-25,2439124.8619926386
16,GA-25,2671444.7747187247
16,GA-25,2596153.846153846
16,GA-25,2734599.8439793144
16,GA-25,3116685.57050518
16,GA-25,2884615.3846153836
16,GA-25,2769230.7692307686
16,GA-25,2838410.073138645
16,GA-25,2894065.1726119523
16,GA-25,2511367.2036544727
16,GA-25,2838410.073138645
16,GA-25,2365384.615384616
16,GA-25,2538461.5384615385
16,GA-25,2734599.8439793144
16,GA-25,2622983.5238168933
16,GA-25,3346153.8461538437
16,GA-25,2455559.0435732617
16,GA-25,2671444.7747187247
16,GA-25,2711538.461538461
16,GA-25,3230769.2307692287
16,GA-25,2678791.683898104
16,GA-25,2716298.141764529
16,GA-25,2771732.797718908
16,GA-25,2567175.3637356833
16,GA-25,2549994.173901395
16,GA-25,2399750.883492051
16,GA-25,2894065.1726119523
16,GA-25,2790408.004060525
16,GA-25,2882602.1096276636
16,GA-25,2838410.073138645
16,GA-25,3348489.6048726304
16,GA-25,2790408.004060525
16,GA-25,2716298.141764529
16,GA-25,3013640.6443853667
16,GA-25,2957832.484304157
16,GA-25,2949720.2720852587
16,GA-25,3057692.307692306
16,GA-25,2671444.7747187247
16,GA-25,2678791.683898104
16,GA-25,2711538.461538461
16,GA-25,2678791.683898104
16,GA-25,2678791.683898104
16,GA-25,2560134.575772111
16,GA-25,2383690.2060382604
16,GA-25,2480769.230769231
16,GA-25,2838410.073138645
16,GA-25,2653846.153846153
16,GA-25,2727099.874192032
16,GA-25,2790408.004060525
32,GA-25,1483868.1762970968
32,GA-25,1841669.282679946
32,GA-25,1916663.0610504171
32,GA-25,1422040.3356180512
32,GA-25,1669652.984199202
32,GA-25,1607523.8576551885
32,GA-25,1669652.984199202
32,GA-25,1520446.1857015197
32,GA-25,1607605.022676966
32,GA-25,1658668.5662198397
32,GA-25,1669351.6983342343
32,GA-25,1615384.6153846162
32,GA-25,1658668.5662198397
32,GA-25,1935113.32725648
32,GA-25,1451012.1621114719
32,GA-25,1463945.1318115124
32,GA-25,1618436.6423551037
32,GA-25,1451334.9954423597
32,GA-25,1483868.1762970968
32,GA-25,1773908.9905401003
32,GA-25,1597256.0635971709
32,GA-25,1796890.9467381597
32,GA-25,1545696.0169761428
32,GA-25,1463945.1318115124
32,GA-25,1542178.2683007168
32,GA-25,1402947.4179860328
32,GA-25,1652333.8588936252
32,GA-25,1762489.4494865334
32,GA-25,1395204.0020302616
32,GA-25,1718474.3345857225
32,GA-25,1542178.2683007168
32,GA-25,1520446.1857015197
32,GA-25,1589557.3759606797
32,GA-25,1589557.3759606797
32,GA-25,1496735.7107682098
32,GA-25,1727779.7564789997
32,GA-25,1663039.678631344
32,GA-25,1652333.8588936252
32,GA-25,1558342.7852525888
32,GA-25,1652333.8588936252
32,GA-25,1866002.13699732
32,GA-25,1451334.9954423597
32,GA-25,1520446.1857015197
32,GA-25,1796890.9467381597
32,GA-25,1589557.3759606797
32,GA-25,1674244.8024363143
32,GA-25,1725308.0836725088
32,GA-25,1524942.8456369918
32,GA-25,1447032.5863059752
32,GA-25,1615384.6153846162
32,GA-25,1793007.3796923258
32,GA-25,1597256.0635971709
32,GA-25,2142446.89803396
32,GA-25,1520446.1857015197
32,GA-25,1615384.6153846162
32,GA-25,1793007.3796923258
32,GA-25,1866002.13699732
32,GA-25,1872645.0400794416
32,GA-25,1658668.5662198397
32,GA-25,1707935.9871134309
32,GA-25,1385866.3988594532
32,GA-25,1589557.3759606797
32,GA-25,1780963.1831458153
32,GA-25,1545696.0169761428
32,GA-25,1658668.5662198397
32,GA-25,1589557.3759606797
32,GA-25,1935113.32725648
32,GA-25,1607605.022676966
32,GA-25,1432022.6777078088
32,GA-25,1768933.7009389102
32,GA-25,1451334.9954423597
32,GA-25,1585940.5594624716
32,GA-25,1451334.9954423597
32,GA-25,1589557.3759606797
32,GA-25,1589557.3759606797
32,GA-25,1442307.6923076932
32,GA-25,1725308.0836725088
32,GA-25,1589557.3759606797
32,GA-25,1854835.2203713718
32,GA-25,1506820.322192683
32,GA-25,1615384.6153846162
32,GA-25,1607523.8576551885
32,GA-25,1762489.4494865334
32,GA-25,1384615.3846153852
32,GA-25,1520446.1857015197
32,GA-25,1788461.5384615394
32,GA-25,1557692.3076923084
32,GA-25,1796890.9467381597
32,GA-25,1978490.9017294631
32,GA-25,1663039.678631344
32,GA-25,1727779.7564789997
32,GA-25,1718474.3345857225
32,GA-25,1597256.0635971709
32,GA-25,1780963.1831458153
32,GA-25,1463945.1318115124
32,GA-25,1502687.685779282
32,GA-25,1613997.8847258952
32,GA-25,1727779.7564789997
32,GA-25,1520446.1857015197
32,GA-25,1731179.53901328
64,GA-25,974091.422358382
64,GA-25,923076.9230769231
64,GA-25,1029726.2825101198
64,GA-25,966404.3851748692
64,GA-25,865589.7695066396
64,GA-25,1057446.8899928285
64,GA-25,927417.6101856851
64,GA-25,898445.4733690799
64,GA-25,914785.9185076305
64,GA-25,865589.7695066396
64,GA-25,1072137.8214798407
64,GA-25,967556.6636282399
64,GA-25,974091.422358382
64,GA-25,1036667.8538873999
64,GA-25,846424.5959051374
64,GA-25,890481.5915729081
64,GA-25,975963.4212076751
64,GA-25,862520.8821368807
64,GA-25,1015709.5150861648
64,GA-25,812941.8019816735
64,GA-25,975963.4212076751
64,GA-25,967556.6636282399
64,GA-25,898445.4733690799
64,GA-25,1184994.434267192
64,GA-25,967556.6636282399
64,GA-25,967556.6636282399
64,GA-25,1174890.2344057194
64,GA-25,803761.9288275939
64,GA-25,898445.4733690799
64,GA-25,927417.6101856851
64,GA-25,1036667.8538873999
64,GA-25,898445.4733690799
64,GA-25,1034972.1362557808
64,GA-25,1036961.135033155
64,GA-25,1113101.9894661352
64,GA-25,917416.4643729904
64,GA-25,1171971.3617054194
64,GA-25,991400.3153361757
64,GA-25,1073782.6501942992
64,GA-25,936322.5200397215
64,GA-25,865589.7695066396
64,GA-25,978577.5619978564
64,GA-25,913210.7084609831
64,GA-25,975963.4212076751
64,GA-25,803761.9288275939
64,GA-25,853967.9935567158
64,GA-25,914785.9185076305
64,GA-25,902852.9022988131
64,GA-25,1060355.0415429985
64,GA-25,1053258.463133184
64,GA-25,989245.4508647308
64,GA-25,1034972.1362557808
64,GA-25,1036667.8538873999
64,GA-25,1029134.1583210842
64,GA-25,865589.7695066396
64,GA-25,975963.4212076751
64,GA-25,898445.4733690799
64,GA-25,898445.4733690799
64,GA-25,975963.4212076751
64,GA-25,898445.4733690799
64,GA-25,914785.9185076305
64,GA-25,914785.9185076305
64,GA-25,821331.2310330775
64,GA-25,829334.2831099199
64,GA-25,991400.3153361757
64,GA-25,927417.6101856851
64,GA-25,1116163.2016242088
64,GA-25,1072137.8214798407
64,GA-25,1095852.8501531798
64,GA-25,857611.7986009036
64,GA-25,1039738.6596227223
64,GA-25,902852.9022988131
64,GA-25,971960.0384143572
64,GA-25,831519.8393156716
64,GA-25,967556.6636282399
64,GA-25,779171.3926262945
64,GA-25,898445.4733690799
64,GA-25,1097958.848858635
64,GA-25,898445.4733690799
64,GA-25,1051073.2915437766
64,GA-25,914965.7073821956
64,GA-25,791449.2806661853
64,GA-25,1036961.135033155
64,GA-25,967556.6636282399
64,GA-25,912715.2526651542
64,GA-25,967556.6636282399
64,GA-25,971960.0384143572
64,GA-25,1038461.5384615387
64,GA-25,1100899.7572475886
64,GA-25,921334.0422458965
64,GA-25,914965.7073821956
64,GA-25,912715.2526651542
64,GA-25,930842.061837488
64,GA-25,826166.9294468131
64,GA-25,1053258.463133184
64,GA-25,771089.1341503591
64,GA-25,795094.2691232583
64,GA-25,890481.5915729081
64,GA-25,920022.2742793394
64,GA-25,876086.6464352827
128,GA-25,594136.5477071168
128,GA-25,550777.9529645421
128,GA-25,497070.42174873024
128,GA-25,503076.00049510424
128,GA-25,664105.8833711243
128,GA-25,594234.5325189895
128,GA-25,608763.7264235305
128,GA-25,547926.4250765897
128,GA-25,497070.42174873024
128,GA-25,634615.3846153845
128,GA-25,623682.7508594897
128,GA-25,500318.345645715
128,GA-25,556450.5661114113
128,GA-25,687937.725262858
128,GA-25,548979.4244293171
128,GA-25,660260.5916877661
128,GA-25,829334.2831099199
128,GA-25,594234.5325189895
128,GA-25,672772.0738735262
128,GA-25,566984.3189631724
128,GA-25,552477.4635151703
128,GA-25,498911.9035894032
128,GA-25,552889.5220732797
128,GA-25,507854.7575430823
128,GA-25,552889.5220732797
128,GA-25,694072.7918440342
128,GA-25,513686.380308704
128,GA-25,461538.4615384615
128,GA-25,677139.6767241098
128,GA-25,558081.6008121044
128,GA-25,529211.9890814008
128,GA-25,550449.8786237941
128,GA-25,837122.4012181566
128,GA-25,680106.2474695026
128,GA-25,529211.9890814008
128,GA-25,622000.7123324397
128,GA-25,618278.4067904571
128,GA-25,628845.0006188803
128,GA-25,547554.1540220515
128,GA-25,608763.7264235305
128,GA-25,618278.4067904571
128,GA-25,628845.0006188803
128,GA-25,556550.9947330675
128,GA-25,662972.9562182043
128,GA-25,583339.2089285953
128,GA-25,691729.5006807683
128,GA-25,497229.7171636533
128,GA-25,562858.1388514293
128,GA-25,618278.4067904571
128,GA-25,552477.4635151703
128,GA-25,525005.2880357357
128,GA-25,502273.4407308939
128,GA-25,515628.2065313968
128,GA-25,550449.8786237941
128,GA-25,607530.5154706702
128,GA-25,622000.7123324397
128,GA-25,667861.193679681
128,GA-25,500318.345645715
128,GA-25,556450.5661114113
128,GA-25,552300.4686097002
128,GA-25,514567.0791605424
128,GA-25,487045.71117919096
128,GA-25,453587.45517053787
128,GA-25,548979.4244293171
128,GA-25,686089.438880723
128,GA-25,466671.36714287614
128,GA-25,525005.2880357357
128,GA-25,519230.7692307692
128,GA-25,669687.8528713875
128,GA-25,534722.892936405
128,GA-25,556450.5661114113
128,GA-25,618278.4067904571
128,GA-25,513686.380308704
128,GA-25,505347.7331126748
128,GA-25,680867.880399438
128,GA-25,594136.5477071168
128,GA-25,641673.1298214549
128,GA-25,612206.0942063743
128,GA-25,618278.4067904571
128,GA-25,547926.4250765897
128,GA-25,562858.1388514293
128,GA-25,608807.1389739886
128,GA-25,519230.7692307692
128,GA-25,609977.1382547969
128,GA-25,583339.2089285953
128,GA-25,760223.0928507597
128,GA-25,510285.8870668552
128,GA-25,489288.78099892795
128,GA-25,567389.900332865
128,GA-25,664105.8833711243
128,GA-25,500895.8952597607
128,GA-25,502273.4407308939
128,GA-25,464065.38587825716
128,GA-25,594234.5325189895
128,GA-25,829334.2831099199
128,GA-25,733567.9831177857
128,GA-25,680381.1827558071
128,GA-25,513686.380308704
128,GA-25,640579.5423873807
128,GA-25,515628.2065313968
4,GA-50,6230769.230769237
4,GA-50,6173076.923076928
4,GA-50,6288461.538461544
4,GA-50,6403846.15384616
4,GA-50,6692307.6923077
4,GA-50,5826923.07692308
4,GA-50,6519230.7692307765
4,GA-50,5942307.692307697
4,GA-50,6576923.0769230835
4,GA-50,6403846.15384616
4,GA-50,6288461.538461544
4,GA-50,6865384.6153846225
4,GA-50,5307692.307692308
4,GA-50,6230769.230769237
4,GA-50,6403846.15384616
4,GA-50,6923076.923076931
4,GA-50,6288461.538461544
4,GA-50,6461538.461538468
4,GA-50,6288461.538461544
4,GA-50,6519230.7692307765
4,GA-50,6346153.8461538525
4,GA-50,6288461.538461544
4,GA-50,5884615.384615388
4,GA-50,6288461.538461544
4,GA-50,6000000.000000004
4,GA-50,6519230.7692307765
4,GA-50,6692307.6923077
4,GA-50,6230769.230769237
4,GA-50,5769230.769230773
4,GA-50,6461538.461538468
4,GA-50,6115384.61538462
4,GA-50,6403846.15384616
4,GA-50,6519230.7692307765
4,GA-50,6346153.8461538525
4,GA-50,6403846.15384616
4,GA-50,6173076.923076928
4,GA-50,6519230.7692307765
4,GA-50,6519230.7692307765
4,GA-50,6750000.000000007
4,GA-50,6288461.538461544
4,GA-50,6807692.307692315
4,GA-50,6346153.8461538525
4,GA-50,5711538.461538464
4,GA-50,6634615.384615392
4,GA-50,6057692.307692313
4,GA-50,6288461.538461544
4,GA-50,6750000.000000007
4,GA-50,6403846.15384616
4,GA-50,6057692.307692313
4,GA-50,6403846.15384616
4,GA-50,6750000.000000007
4,GA-50,6634615.384615392
4,GA-50,6461538.461538468
4,GA-50,6230769.230769237
4,GA-50,6115384.61538462
4,GA-50,6519230.7692307765
4,GA-50,6230769.230769237
4,GA-50,6692307.6923077
4,GA-50,6057692.307692313
4,GA-50,6750000.000000007
4,GA-50,6173076.923076928
4,GA-50,6692307.6923077
4,GA-50,6403846.15384616
4,GA-50,5884615.384615388
4,GA-50,6230769.230769237
4,GA-50,5942307.692307697
4,GA-50,6288461.538461544
4,GA-50,5596153.846153848
4,GA-50,6634615.384615392
4,GA-50,6057692.307692313
4,GA-50,6173076.923076928
4,GA-50,6519230.7692307765
4,GA-50,6403846.15384616
4,GA-50,5596153.846153848
4,GA-50,5942307.692307697
4,GA-50,6634615.384615392
4,GA-50,6000000.000000004
4,GA-50,6346153.8461538525
4,GA-50,6346153.8461538525
4,GA-50,6576923.0769230835
4,GA-50,6288461.538461544
4,GA-50,6230769.230769237
4,GA-50,6346153.8461538525
4,GA-50,6000000.000000004
4,GA-50,6230769.230769237
4,GA-50,5942307.692307697
4,GA-50,6576923.0769230835
4,GA-50,5711538.461538464
4,GA-50,6173076.923076928
4,GA-50,6519230.7692307765
4,GA-50,6230769.230769237
4,GA-50,6519230.7692307765
4,GA-50,6692307.6923077
4,GA-50,6461538.461538468
4,GA-50,6519230.7692307765
4,GA-50,6923076.923076931
4,GA-50,6403846.15384616
4,GA-50,6288461.538461544
4,GA-50,6288461.538461544
4,GA-50,6230769.230769237
8,GA-50,3686961.29458556
8,GA-50,3452868.513976952
8,GA-50,3628438.099433408
8,GA-50,3628438.099433408
8,GA-50,3173076.923076921
8,GA-50,3569914.9042812563
8,GA-50,3519230.769230766
8,GA-50,3335822.1236726483
8,GA-50,3335822.1236726483
8,GA-50,3403846.153846151
8,GA-50,2826923.076923076
8,GA-50,3461538.4615384587
8,GA-50,3576923.0769230737
8,GA-50,3335822.1236726483
8,GA-50,3394345.3188247997
8,GA-50,3115384.6153846136
8,GA-50,3394345.3188247997
8,GA-50,3218775.733368345
8,GA-50,3686961.29458556
8,GA-50,3634615.384615381
8,GA-50,3288461.538461536
8,GA-50,3634615.384615381
8,GA-50,3807692.307692304
8,GA-50,3686961.29458556
8,GA-50,3288461.538461536
8,GA-50,3403846.153846151
8,GA-50,3519230.769230766
8,GA-50,3749999.9999999963
8,GA-50,3335822.1236726483
8,GA-50,3569914.9042812563
8,GA-50,3569914.9042812563
8,GA-50,3628438.099433408
8,GA-50,3394345.3188247997
8,GA-50,3692307.6923076888
8,GA-50,3692307.6923076888
8,GA-50,2984682.9527597367
8,GA-50,3628438.099433408
8,GA-50,3692307.6923076888
8,GA-50,3277298.9285204965
8,GA-50,3519230.769230766
8,GA-50,3277298.9285204965
8,GA-50,3160252.5382161923
8,GA-50,3576923.0769230737
8,GA-50,3461538.4615384587
8,GA-50,3173076.923076921
8,GA-50,3745484.489737712
8,GA-50,3461538.4615384587
8,GA-50,3511391.709129104
8,GA-50,3511391.709129104
8,GA-50,3277298.9285204965
8,GA-50,3346153.8461538437
8,GA-50,3115384.6153846136
8,GA-50,3862530.880042015
8,GA-50,3511391.709129104
8,GA-50,3218775.733368345
8,GA-50,3403846.153846151
8,GA-50,3461538.4615384587
8,GA-50,3346153.8461538437
8,GA-50,3403846.153846151
8,GA-50,3288461.538461536
8,GA-50,3862530.880042015
8,GA-50,2999999.999999998
8,GA-50,3277298.9285204965
8,GA-50,3346153.8461538437
8,GA-50,3686961.29458556
8,GA-50,3461538.4615384587
8,GA-50,3346153.8461538437
8,GA-50,3807692.307692304
8,GA-50,3230769.2307692287
8,GA-50,3335822.1236726483
8,GA-50,3230769.2307692287
8,GA-50,3745484.489737712
8,GA-50,2942307.692307691
8,GA-50,3335822.1236726483
8,GA-50,3288461.538461536
8,GA-50,3230769.2307692287
8,GA-50,3403846.153846151
8,GA-50,3804007.6848898632
8,GA-50,3576923.0769230737
8,GA-50,3576923.0769230737
8,GA-50,3749999.9999999963
8,GA-50,3394345.3188247997
8,GA-50,3335822.1236726483
8,GA-50,3394345.3188247997
8,GA-50,3403846.153846151
8,GA-50,3686961.29458556
8,GA-50,3335822.1236726483
8,GA-50,3394345.3188247997
8,GA-50,3511391.709129104
8,GA-50,3230769.2307692287
8,GA-50,3277298.9285204965
8,GA-50,3346153.8461538437
8,GA-50,3692307.6923076888
8,GA-50,3394345.3188247997
8,GA-50,3461538.4615384587
8,GA-50,3160252.5382161923
8,GA-50,3519230.769230766
8,GA-50,3569914.9042812563
8,GA-50,3346153.8461538437
8,GA-50,3230769.2307692287
16,GA-50,1709159.5492122385
16,GA-50,1869137.3279212927
16,GA-50,1697172.6594123978
16,GA-50,1872742.244868853
16,GA-50,2089035.837088504
16,GA-50,1924111.9552130955
16,GA-50,1903846.153846155
16,GA-50,2076923.0769230784
16,GA-50,1869137.3279212927
16,GA-50,2062778.7662906325
16,GA-50,2134615.384615386
16,GA-50,1788461.5384615394
16,GA-50,2062778.7662906325
16,GA-50,2180651.8386500967
16,GA-50,1594264.1914622788
16,GA-50,1903846.153846155
16,GA-50,1697172.6594123978
16,GA-50,2048311.830325308
16,GA-50,1846153.8461538472
16,GA-50,1814219.049716701
16,GA-50,1768096.085391971
16,GA-50,2048311.830325308
16,GA-50,1903846.153846155
16,GA-50,1649238.8187540816
16,GA-50,2019230.7692307704
16,GA-50,1931265.4400210043
16,GA-50,1814219.049716701
16,GA-50,1944905.6939311682
16,GA-50,1814219.049716701
16,GA-50,1979086.5825048985
16,GA-50,1961538.461538463
16,GA-50,1615384.6153846162
16,GA-50,1768096.085391971
16,GA-50,2003842.2301108998
16,GA-50,1989788.635173156
16,GA-50,1827032.621571703
16,GA-50,2134615.384615386
16,GA-50,1924111.9552130955
16,GA-50,2019230.7692307704
16,GA-50,1903846.153846155
16,GA-50,1979086.5825048985
16,GA-50,1814219.049716701
16,GA-50,1846153.8461538472
16,GA-50,1931265.4400210043
16,GA-50,1846153.8461538472
16,GA-50,1755695.8545645494
16,GA-50,1697172.6594123978
16,GA-50,1872742.244868853
16,GA-50,1961538.461538463
16,GA-50,1961538.461538463
16,GA-50,1846153.8461538472
16,GA-50,2076923.0769230784
16,GA-50,2223881.415781763
16,GA-50,1885969.1577514356
16,GA-50,1638649.464260246
16,GA-50,2062778.7662906325
16,GA-50,1885969.1577514356
16,GA-50,1872742.244868853
16,GA-50,1814162.70062949
16,GA-50,1903846.153846155
16,GA-50,2192307.692307693
16,GA-50,1650223.0130325062
16,GA-50,1650223.0130325062
16,GA-50,1697172.6594123978
16,GA-50,1869137.3279212927
16,GA-50,1827032.621571703
16,GA-50,2019230.7692307704
16,GA-50,1730769.2307692314
16,GA-50,1827032.621571703
16,GA-50,1885969.1577514356
16,GA-50,1903846.153846155
16,GA-50,1673076.9230769242
16,GA-50,1944905.6939311682
16,GA-50,1768096.085391971
16,GA-50,1532349.9406730416
16,GA-50,2106835.025477459
16,GA-50,2062778.7662906325
16,GA-50,1730769.2307692314
16,GA-50,1931265.4400210043
16,GA-50,1846153.8461538472
16,GA-50,1759188.0733376872
16,GA-50,1768096.085391971
16,GA-50,1709159.5492122385
16,GA-50,1989788.635173156
16,GA-50,1931265.4400210043
16,GA-50,1788461.5384615394
16,GA-50,1872742.244868853
16,GA-50,1827032.621571703
16,GA-50,1869137.3279212927
16,GA-50,2416397.9833690277
16,GA-50,1814219.049716701
16,GA-50,1649238.8187540816
16,GA-50,1827032.621571703
16,GA-50,1872742.244868853
16,GA-50,1730769.2307692314
16,GA-50,1903846.153846155
16,GA-50,1768096.085391971
16,GA-50,1903846.153846155
16,GA-50,1814162.70062949
16,GA-50,2062778.7662906325
32,GA-50,994894.3175865781
32,GA-50,1261083.406597027
32,GA-50,1096153.8461538465
32,GA-50,980769.230769231
32,GA-50,1053417.5127387298
32,GA-50,1260892.11974945
32,GA-50,1060857.6512351832
32,GA-50,1122163.7024676956
32,GA-50,825111.5065162537
32,GA-50,859829.5954070641
32,GA-50,1261083.406597027
32,GA-50,994894.3175865781
32,GA-50,1001921.1150554508
32,GA-50,994894.3175865781
32,GA-50,1060857.6512351832
32,GA-50,942984.5788757184
32,GA-50,893775.1327027279
32,GA-50,1209441.8004196594
32,GA-50,1170463.9030430329
32,GA-50,1031795.5144884769
32,GA-50,1104075.1639268992
32,GA-50,1051500.1561208563
32,GA-50,1111940.7078908815
32,GA-50,1146265.5634085906
32,GA-50,974473.5414613392
32,GA-50,934568.6639606458
32,GA-50,1122163.7024676956
32,GA-50,1053417.5127387298
32,GA-50,1066055.5173443109
32,GA-50,1053417.5127387298
32,GA-50,1099492.5458360538
32,GA-50,1146439.460542752
32,GA-50,1001921.1150554508
32,GA-50,1031795.5144884769
32,GA-50,917151.5684342015
32,GA-50,1104075.1639268992
32,GA-50,1088952.285238161
32,GA-50,1146265.5634085906
32,GA-50,923076.9230769231
32,GA-50,946350.1405087708
32,GA-50,1346596.4429612344
32,GA-50,1060857.6512351832
32,GA-50,917012.4507268723
32,GA-50,1261800.187345028
32,GA-50,1038461.5384615387
32,GA-50,1269230.7692307695
32,GA-50,942984.5788757184
32,GA-50,946350.1405087708
32,GA-50,1066055.5173443109
32,GA-50,1088952.285238161
32,GA-50,1178730.7235946478
32,GA-50,1031795.5144884769
32,GA-50,980769.230769231
32,GA-50,879594.0366688431
32,GA-50,989543.2912524485
32,GA-50,994894.3175865781
32,GA-50,1001921.1150554508
32,GA-50,1001921.1150554508
32,GA-50,884048.0426959861
32,GA-50,1060857.6512351832
32,GA-50,1031639.0070677316
32,GA-50,1060857.6512351832
32,GA-50,1146265.5634085906
32,GA-50,946350.1405087708
32,GA-50,1178730.7235946478
32,GA-50,1038461.5384615387
32,GA-50,953839.1470975414
32,GA-50,1104075.1639268992
32,GA-50,942984.5788757184
32,GA-50,1170463.9030430329
32,GA-50,989543.2912524485
32,GA-50,1031639.0070677316
32,GA-50,1031795.5144884769
32,GA-50,1122163.7024676956
32,GA-50,1111940.7078908815
32,GA-50,953839.1470975414
32,GA-50,1099492.5458360538
32,GA-50,917151.5684342015
32,GA-50,974473.5414613392
32,GA-50,1066055.5173443109
32,GA-50,1044517.9185442512
32,GA-50,923076.9230769231
32,GA-50,994894.3175865781
32,GA-50,1031795.5144884769
32,GA-50,1122163.7024676956
32,GA-50,1119794.1874149155
32,GA-50,994894.3175865781
32,GA-50,917012.4507268723
32,GA-50,1088952.285238161
32,GA-50,1038461.5384615387
32,GA-50,1146439.460542752
32,GA-50,1009947.3322209263
32,GA-50,1088952.285238161
32,GA-50,1209441.8004196594
32,GA-50,1096153.8461538465
32,GA-50,1044517.9185442512
32,GA-50,1031795.5144884769
32,GA-50,934568.6639606458
32,GA-50,1038461.5384615387
32,GA-50,1119794.1874149155
64,GA-50,692307.6923076923
64,GA-50,630446.0598747247
64,GA-50,643755.1466736684
64,GA-50,648301.8979770564
64,GA-50,750000.0
64,GA-50,634615.3846153845
64,GA-50,698340.5579627652
64,GA-50,669343.2482744103
64,GA-50,736050.1092845995
64,GA-50,595410.6999040825
64,GA-50,729406.406604002
64,GA-50,687863.6763256514
64,GA-50,620923.7116943636
64,GA-50,787654.2883666354
64,GA-50,620923.7116943636
64,GA-50,707238.4341567889
64,GA-50,656171.0384907117
64,GA-50,677371.3218483968
64,GA-50,669343.2482744103
64,GA-50,775474.8636708411
64,GA-50,750000.0
64,GA-50,550885.9919395932
64,GA-50,549746.2729180271
64,GA-50,620923.7116943636
64,GA-50,619417.7463254607
64,GA-50,643755.1466736684
64,GA-50,613564.6442515427
64,GA-50,620923.7116943636
64,GA-50,656171.0384907117
64,GA-50,573132.7817042953
64,GA-50,884048.0426959861
64,GA-50,578325.0858664712
64,GA-50,526708.756369365
64,GA-50,589365.361797324
64,GA-50,733818.9320024299
64,GA-50,766174.9703365213
64,GA-50,578325.0858664712
64,GA-50,643755.1466736684
64,GA-50,687759.3380451543
64,GA-50,673298.2214806173
64,GA-50,630900.093672514
64,GA-50,630900.093672514
64,GA-50,687863.6763256514
64,GA-50,573132.7817042953
64,GA-50,573219.7302713762
64,GA-50,671035.8918525826
64,GA-50,714492.8398848991
64,GA-50,725121.8522972778
64,GA-50,687759.3380451543
64,GA-50,571369.5474240804
64,GA-50,571369.5474240804
64,GA-50,630446.0598747247
64,GA-50,604720.9002098298
64,GA-50,535869.6299136742
64,GA-50,634855.0526934229
64,GA-50,760801.5369779717
64,GA-50,692307.6923076923
64,GA-50,698340.5579627652
64,GA-50,571369.5474240804
64,GA-50,769644.7820852378
64,GA-50,648301.8979770564
64,GA-50,605974.5911335526
64,GA-50,698340.5579627652
64,GA-50,589365.361797324
64,GA-50,595410.6999040825
64,GA-50,669343.2482744103
64,GA-50,515819.5035338658
64,GA-50,578325.0858664712
64,GA-50,630541.7032985138
64,GA-50,775474.8636708411
64,GA-50,745072.6162155839
64,GA-50,677371.3218483968
64,GA-50,682633.7165844174
64,GA-50,707238.4341567889
64,GA-50,774033.9098753072
64,GA-50,589365.361797324
64,GA-50,589365.361797324
64,GA-50,630541.7032985138
64,GA-50,702278.34182582
64,GA-50,585231.9515215168
64,GA-50,671035.8918525826
64,GA-50,750000.0
64,GA-50,557786.0402286752
64,GA-50,596519.125900647
64,GA-50,576923.0769230769
64,GA-50,714670.1547934351
64,GA-50,585231.9515215168
64,GA-50,630541.7032985138
64,GA-50,595410.6999040825
64,GA-50,760801.5369779717
64,GA-50,630900.093672514
64,GA-50,707238.4341567889
64,GA-50,495797.3927456339
64,GA-50,714492.8398848991
64,GA-50,571369.5474240804
64,GA-50,692307.6923076923
64,GA-50,673298.2214806173
64,GA-50,561081.8512338478
64,GA-50,634855.0526934229
64,GA-50,617190.0363572325
128,GA-50,401192.9471930068
128,GA-50,410511.3314788296
128,GA-50,401192.9471930068
128,GA-50,469155.80740437674
128,GA-50,343556.3921444536
128,GA-50,407007.09391422616
128,GA-50,395133.2710782315
128,GA-50,357911.47554038826
128,GA-50,463328.25653093256
128,GA-50,464563.3097440957
128,GA-50,384822.391042619
128,GA-50,366677.5533211079
128,GA-50,390450.22816007264
128,GA-50,417563.38813045295
128,GA-50,507884.0421547383
128,GA-50,637076.3527300322
128,GA-50,405412.22446456604
128,GA-50,439650.0942331018
128,GA-50,439650.0942331018
128,GA-50,440708.79355167464
128,GA-50,400815.7908351959
128,GA-50,407007.09391422616
128,GA-50,439797.01833442174
128,GA-50,412731.1689715808
128,GA-50,417563.38813045295
128,GA-50,385620.1943577153
128,GA-50,423199.2652867732
128,GA-50,359693.48680247366
128,GA-50,502457.2505521164
128,GA-50,409662.3660650617
128,GA-50,353769.57340421213
128,GA-50,357911.47554038826
128,GA-50,458075.1895259381
128,GA-50,417563.38813045295
128,GA-50,477215.3007205176
128,GA-50,444398.536885396
128,GA-50,361327.0186898522
128,GA-50,416580.84835477744
128,GA-50,376842.93791408726
128,GA-50,380913.03161605366
128,GA-50,378725.264622182
128,GA-50,423199.2652867732
128,GA-50,368025.05464229983
128,GA-50,471492.2894378593
128,GA-50,412555.75325812685
128,GA-50,487909.90653186024
128,GA-50,395133.2710782315
128,GA-50,416787.48993285774
128,GA-50,565264.4068711309
128,GA-50,368025.05464229983
128,GA-50,417563.38813045295
128,GA-50,376842.93791408726
128,GA-50,400815.7908351959
128,GA-50,401253.8111899633
128,GA-50,400815.7908351959
128,GA-50,446228.83218294015
128,GA-50,469155.80740437674
128,GA-50,469155.80740437674
128,GA-50,376842.93791408726
128,GA-50,471492.2894378593
128,GA-50,550885.9919395932
128,GA-50,423199.2652867732
128,GA-50,419642.4012695526
128,GA-50,399657.4760688985
128,GA-50,330531.59516375593
128,GA-50,502457.2505521164
128,GA-50,390450.22816007264
128,GA-50,419060.060938409
128,GA-50,423199.2652867732
128,GA-50,416580.84835477744
128,GA-50,471492.2894378593
128,GA-50,423199.2652867732
128,GA-50,412731.1689715808
128,GA-50,376842.93791408726
128,GA-50,446228.83218294015
128,GA-50,419467.35645678575
128,GA-50,367572.0012377632
128,GA-50,416580.84835477744
128,GA-50,365932.4298988952
128,GA-50,461538.4615384615
128,GA-50,440708.79355167464
128,GA-50,384822.391042619
128,GA-50,476328.55992326594
128,GA-50,367572.0012377632
128,GA-50,399657.4760688985
128,GA-50,338685.6609241985
128,GA-50,410511.3314788296
128,GA-50,451580.8812322646
128,GA-50,423199.2652867732
128,GA-50,395133.2710782315
128,GA-50,357246.41994244937
128,GA-50,502457.2505521164
128,GA-50,400815.7908351959
128,GA-50,416787.48993285774
128,GA-50,527800.2833299239
128,GA-50,327822.64568335365
128,GA-50,439650.0942331018
128,GA-50,440708.79355167464
128,GA-50,380913.03161605366
128,GA-50,476328.55992326594
